<?xml version="1.0" encoding="UTF-8"?>
<!--
 * Copyright 2001-2009 The Apache Software Foundation.
 *
 * Licensed under the Apache License, Version 2.0 (the "License");
 * you may not use this file except in compliance with the License.
 * You may obtain a copy of the License at
 * 
 *      http://www.apache.org/licenses/LICENSE-2.0
 * 
 * Unless required by applicable law or agreed to in writing, software
 * distributed under the License is distributed on an "AS IS" BASIS,
 * WITHOUT WARRANTIES OR CONDITIONS OF ANY KIND, either express or implied.
 * See the License for the specific language governing permissions and
 * limitations under the License.
 *
 */ -->
<businessEntity xmlns="urn:uddi-org:api_v2" xmlns:xml="http://www.w3.org/XML/1998/namespace" businessKey="26dcd995-b5be-4050-8cdc-453d62c7fcaa">
    <name>uddi:business:01</name>
    <businessServices>
        <businessService businessKey="26dcd995-b5be-4050-8cdc-453d62c7fcaa" serviceKey="uuid:8e7561b0-124b-400e-9871-acc794ef033a">
            <name>uddi:service:01</name>
            <bindingTemplates>
                <bindingTemplate serviceKey="uuid:8e7561b0-124b-400e-9871-acc794ef033a" bindingKey="uuid:23140197-795d-46ae-8eab-45c497d4c9ea">
                    <accessPoint URLType="http">http://www.testing.com/binding</accessPoint>
                    <categoryBag>
                        <keyedReference tModelKey="uddi:uddi.joepublisher.com:tmodel01" keyValue="value-y"/>
                    </categoryBag>
                </bindingTemplate>
            </bindingTemplates>
            <categoryBag>
                <keyedReference tModelKey="uddi:uddi.joepublisher.com:tmodel02" keyValue="value-x"/>
            </categoryBag>
        </businessService>
        <businessService businessKey="26dcd995-b5be-4050-8cdc-453d62c7fcaa" serviceKey="uuid:f709141d-3454-4c4e-b4ac-a2fbdc285be2">
		    <name>uddi:service:02</name>
		    <bindingTemplates>
		        <bindingTemplate serviceKey="uuid:f709141d-3454-4c4e-b4ac-a2fbdc285be2" bindingKey="uuid:c3007101-5a62-4b8d-9823-85e87b24d741">
		            <accessPoint URLType="http">http://www.testing.com/binding</accessPoint>
		            <categoryBag>
		                <keyedReference tModelKey="uddi:uddi.joepublisher.com:tmodel01" keyValue="value-z"/>
		            </categoryBag>
		        </bindingTemplate>
		    </bindingTemplates>
		    <categoryBag>
		        <keyedReference tModelKey="uddi:uddi.joepublisher.com:tmodel02" keyValue="value-x"/>
		    </categoryBag>
		</businessService>
    </businessServices>
</businessEntity> 