Date,Open,High,Low,Close
2013-01-02,357.386,361.151,355.96,359.288
2013-01-03,360.123,363.6,358.031,359.497
2013-01-04,362.314,368.339,361.489,366.601
2013-01-07,365.349,367.301,362.93,365.001
2013-01-08,365.393,365.771,359.874,364.281
2013-01-09,363.769,366.789,361.946,366.675
2013-01-10,369.015,370.093,364.38,368.344
2013-01-11,368.603,368.816,365.771,367.604
2013-01-14,366.119,368.702,358.841,359.288
2013-01-15,357.341,365.125,353.749,360.123
2013-01-16,358.866,359.83,354.529,355.284
2013-01-17,356.536,357.495,353.213,353.362
2013-01-18,352.885,354.082,348.399,349.979
2013-01-22,350.053,350.391,345.513,349.164
2013-01-23,365.617,372.08,365.518,368.354
2013-01-24,368.225,375.97,367.862,374.668
2013-01-25,372.959,376.789,372.701,374.4
2013-01-28,373.451,375.359,371.529,372.939
2013-01-29,370.962,376.029,370.858,374.405
2013-01-30,374.435,378.016,374.022,374.479
2013-01-31,372.83,376.362,372.701,375.403
2013-02-01,376.65,385.791,376.601,385.294
2013-02-04,381.365,382.746,376.685,377.058
2013-02-05,378.106,383.064,377.281,380.396
2013-02-06,377.082,383.983,376.799,382.597
2013-02-07,382.363,386.889,380.277,384.474
2013-02-08,387.544,390.793,387.261,390.147
2013-02-11,386.685,388.97,384.375,388.682
2013-02-12,388.349,391.404,387.167,387.828
2013-02-13,387.544,390.138,387.465,388.901
2013-02-14,387.346,391.822,386.372,391.365
2013-02-15,391.156,394.067,390.992,393.883
2013-02-19,395.423,400.893,395.07,400.818
2013-02-20,400.048,401.871,393.337,393.67
2013-02-21,396.422,400.123,393.054,395.195
2013-02-22,397.048,398.036,394.335,397.271
2013-02-25,398.558,401.593,392.691,392.83
2013-02-26,394.931,395.403,389.666,392.512
2013-02-27,394.832,399.775,392.999,397.306
2013-02-28,397.962,400.888,397.927,398.011
2013-03-01,396.322,400.962,395.503,400.49
2013-03-04,400.048,408.761,399.899,408.096
2013-03-05,411.787,417.36,411.772,416.59
2013-03-06,417.798,419.273,411.727,413.004
2013-03-07,414.335,415.607,412.11,413.61
2013-03-08,414.554,414.762,409.859,413.073
2013-03-11,413.158,417.137,413.063,414.713
2013-03-12,412.671,413.257,409.174,411.131
2013-03-13,411.275,412.661,408.498,409.988
2013-03-14,410.823,410.823,406.054,408.116
2013-03-15,406.605,407.5,404.042,404.519
2013-03-18,399.899,403.754,398.145,401.285
2013-03-19,402.999,406.978,400.619,403.039
2013-03-20,405.776,406.114,403.098,404.723
2013-03-21,403.024,405.821,402.308,403.009
2013-03-22,404.738,404.986,402.204,402.537
2013-03-25,403.58,406.968,400.803,402.204
2013-03-26,404.122,404.37,401.285,403.585
2013-03-27,400.734,400.893,398.076,398.737
2013-03-28,399.397,400.083,394.087,394.529
2013-04-01,394.936,398.533,394.062,398.006
2013-04-02,399.671,404.782,399.402,403.893
2013-04-03,404.102,404.469,397.748,400.495
2013-04-04,399.526,400.272,393.093,394.966
2013-04-05,390.49,390.952,385.691,388.995
2013-04-08,386.859,387.256,381.717,384.921
2013-04-09,385.244,389.343,384.057,386.312
2013-04-10,388.93,393.615,385.493,392.537
2013-04-11,393.878,393.987,389.497,392.641
2013-04-12,393.436,393.491,388.935,392.472
2013-04-15,390.436,395.925,385.999,388.439
2013-04-16,390.754,395.428,389.427,394.122
2013-04-17,390.833,392.865,386.536,388.752
2013-04-18,390.138,390.361,378.17,380.48
2013-04-19,382.095,399.124,380.654,397.351
2013-04-22,397.713,399.382,384.996,397.47
2013-04-23,397.912,405.115,397.594,401.34
2013-04-24,401.444,406.357,401.389,404.097
2013-04-25,405.488,405.597,401.206,401.936
2013-04-26,401.191,401.26,395.716,398.121
2013-04-29,399.03,408.692,398.906,406.884
2013-04-30,406.854,411.146,406.198,409.621
2013-05-01,408.97,409.695,405.542,407.564
2013-05-02,407.4,414.579,406.879,412.125
2013-05-03,415.776,420.664,415.299,420.127
2013-05-06,421.389,428.14,421.389,427.991
2013-05-07,428.717,429.144,422.586,425.845
2013-05-08,425.731,434.116,423.699,433.992
2013-05-09,432.606,436.988,431.31,432.924
2013-05-10,434.827,437.425,433.262,437.271
2013-05-13,436.605,438.384,433.868,435.93
2013-05-14,435.915,441.474,435.736,440.684
2013-05-15,444.857,455.229,444.121,454.986
2013-05-16,456.531,457.018,448.091,449.015
2013-05-17,452.07,453.794,447.35,451.652
2013-05-20,449.576,457.326,449.576,451.33
2013-05-21,451.076,452.884,445.905,450.555
2013-05-22,448.364,451.717,440.574,441.836
2013-05-23,435.666,442.105,434.176,438.543
2013-05-24,434.802,436.571,432.691,433.838
2013-05-28,438.895,443.188,437.355,437.788
2013-05-29,435.026,436.158,429.352,431.349
2013-05-30,432.149,436.61,430.406,432.567
2013-05-31,431.255,435.666,430.957,432.795
2013-06-03,433.679,434.161,424.747,431.012
2013-06-04,431.121,432.482,424.275,426.774
2013-06-05,428.468,431.916,425.796,427.072
2013-06-06,429.357,430.366,420.873,429.526
2013-06-07,432.398,437.157,429.864,437.023
2013-06-10,438.2,442.621,437.201,442.234
2013-06-11,439.129,440.634,436.918,437.062
2013-06-12,439.869,440.137,432.015,433.173
2013-06-13,431.682,436.988,429.954,435.666
2013-06-14,437.206,439.492,434.241,434.693
2013-06-17,436.774,441.841,436.302,440.262
2013-06-18,441.454,447.589,441.305,447.4
2013-06-19,447.773,452.477,445.85,447.43
2013-06-20,444.107,447.589,438.801,439.511
2013-06-21,441.3,442.065,433.714,437.619
2013-06-24,433.123,435.329,428.836,432.085
2013-06-25,435.796,436.998,429.462,430.301
2013-06-26,434.052,436.163,432.472,434.002
2013-06-27,436.561,439.487,435.493,435.701
2013-06-28,434.623,438.071,434.27,437.341
2013-07-01,440.361,443.158,439.641,441.071
2013-07-02,442.224,442.621,435.801,438.304
2013-07-03,437.107,441.712,436.412,440.351
2013-07-05,442.129,444.812,440.803,443.858
2013-07-08,446.7,450.207,445.642,449.621
2013-07-09,452.557,453.525,446.089,449.695
2013-07-10,448.806,452.626,447.281,450.068
2013-07-11,453.55,457.43,451.325,457.147
2013-07-12,457.027,458.518,454.663,458.518
2013-07-15,459.164,461.002,455.219,459.357
2013-07-16,460.569,460.987,453.997,456.834
2013-07-17,457.524,460.435,455.189,456.307
2013-07-18,456.526,457.027,448.677,452.398
2013-07-19,440.44,448.558,434.976,445.403
2013-07-22,448.086,453.386,445.602,452.408
2013-07-23,452.408,453.55,446.878,448.98
2013-07-24,450.699,452.209,447.44,448.533
2013-07-25,444.047,445.527,440.177,440.982
2013-07-26,440.629,442.119,438.15,439.814
2013-07-29,439.591,444.519,437.599,438.284
2013-07-30,439.869,444.911,437.589,442.581
2013-07-31,443.61,445.358,440.227,441.007
2013-08-01,444.608,449.352,444.608,449.188
2013-08-02,448.801,450.569,447.499,450.356
2013-08-05,449.77,449.834,446.695,449.576
2013-08-06,449.422,451.916,444.971,445.388
2013-08-07,444.628,446.322,441.672,442.447
2013-08-08,444.852,445.026,439.785,443.446
2013-08-09,442.403,444.867,442.124,442.328
2013-08-12,440.584,440.634,437.976,439.894
2013-08-13,440.55,441.379,435.269,437.778
2013-08-14,436.347,437.271,430.778,432.095
2013-08-15,429.427,429.665,426.228,427.052
2013-08-16,427.857,428.433,425.503,425.686
2013-08-19,426.084,433.183,425.955,430.028
2013-08-20,431.369,433.237,428.98,429.914
2013-08-21,432.512,435.622,430.45,431.856
2013-08-22,433.53,434.549,432.313,434.032
2013-08-23,436.079,436.163,432.065,432.293
2013-08-26,432.189,434.623,430.227,430.396
2013-08-27,427.033,429.074,421.21,422.328
2013-08-28,422.378,424.941,421.146,421.533
2013-08-29,421.792,427.41,421.553,424.951
2013-08-30,425.115,426.248,420.048,420.714
2013-09-03,424.42,430.296,424.216,427.41
2013-09-04,427.395,433.928,424.822,432.999
2013-09-05,433.928,437.097,432.989,436.938
2013-09-06,438.369,439.035,434.047,436.948
2013-09-09,439.01,442.0,438.359,441.156
2013-09-10,442.134,443.118,439.144,441.464
2013-09-11,441.399,445.587,440.177,445.199
2013-09-12,445.801,446.049,442.129,443.645
2013-09-13,444.36,444.946,439.561,441.662
2013-09-16,445.204,445.602,439.576,441.012
2013-09-17,440.838,441.325,437.653,440.192
2013-09-18,440.311,449.064,438.682,448.741
2013-09-19,450.068,450.068,444.807,446.292
2013-09-20,446.292,449.144,444.916,448.637
2013-09-23,445.18,447.882,439.74,440.386
2013-09-24,440.386,442.174,437.852,440.555
2013-09-25,440.411,440.411,434.971,435.781
2013-09-26,436.312,438.523,434.673,436.248
2013-09-27,434.583,435.925,432.84,435.363
2013-09-30,431.732,437.574,431.349,435.125
2013-10-01,437.281,440.967,437.182,440.634
2013-10-02,438.513,441.806,436.074,441.126
2013-10-03,441.131,444.161,433.232,435.214
2013-10-04,434.673,435.92,432.189,433.356
2013-10-07,430.922,434.171,429.263,430.073
2013-10-08,429.864,430.192,423.063,424.077
2013-10-09,425.373,428.538,418.766,425.165
2013-10-10,429.129,431.608,427.326,431.315
2013-10-11,430.217,433.918,429.854,433.178
2013-10-14,430.53,435.294,429.899,435.224
2013-10-15,435.05,439.954,434.176,438.155
2013-10-16,440.073,446.262,439.149,446.113
2013-10-17,443.61,445.552,440.003,441.523
2013-10-18,485.135,504.449,483.853,502.437
2013-10-21,502.462,506.208,496.545,498.408
2013-10-22,499.253,503.227,494.678,500.246
2013-10-23,497.266,514.032,497.082,512.372
2013-10-24,512.601,516.923,509.089,509.461
2013-10-25,511.086,511.086,502.104,504.32
2013-10-28,504.32,508.408,503.222,504.221
2013-10-29,506.257,515.12,503.475,514.772
2013-10-30,515.363,515.403,509.685,511.881
2013-10-31,511.141,517.395,508.677,511.96
2013-11-01,512.561,514.653,509.238,510.202
2013-11-04,512.417,512.849,507.713,509.74
2013-11-05,506.878,512.492,505.423,507.459
2013-11-06,509.486,510.182,504.404,508.07
2013-11-07,508.001,508.657,500.564,500.718
2013-11-08,501.116,505.959,500.992,504.732
2013-11-11,501.493,504.683,500.743,502.03
2013-11-12,500.594,505.492,499.253,502.621
2013-11-13,500.122,513.088,499.998,512.899
2013-11-14,513.619,516.516,511.846,514.27
2013-11-15,514.091,515.646,511.826,513.441
2013-11-18,514.529,520.982,511.295,512.442
2013-11-19,512.526,514.032,508.22,509.288
2013-11-20,511.647,513.341,506.883,507.852
2013-11-21,510.182,515.8,509.685,513.694
2013-11-22,513.371,514.737,511.285,512.611
2013-11-25,515.229,523.192,514.166,519.586
2013-11-26,520.912,527.32,518.1,525.785
2013-11-27,527.584,530.549,526.575,528.12
2013-11-29,527.648,529.864,526.302,526.371
2013-12-02,528.319,529.73,521.985,523.833
2013-12-03,522.079,528.284,521.121,523.227
2013-12-04,522.288,528.552,521.607,525.671
2013-12-05,525.184,526.406,522.149,525.254
2013-12-06,531.438,531.543,526.615,531.478
2013-12-09,532.035,537.658,530.559,535.587
2013-12-10,534.598,542.626,534.35,538.825
2013-12-11,540.187,542.134,534.111,535.164
2013-12-12,536.297,537.971,531.046,531.523
2013-12-13,534.225,534.667,525.527,526.968
2013-12-16,528.562,533.873,527.574,533.023
2013-12-17,532.944,536.888,530.738,531.473
2013-12-18,532.462,538.97,526.098,538.87
2013-12-19,536.893,542.467,536.053,539.6
2013-12-20,540.634,547.027,540.485,546.754
2013-12-23,550.341,554.295,548.989,553.947
2013-12-24,553.883,554.017,550.47,552.328
2013-12-26,553.406,555.885,550.763,555.12
2013-12-27,556.381,556.52,552.874,555.586
2013-12-30,556.55,556.63,550.927,551.145
2013-12-31,552.526,556.878,549.556,556.734
2014-01-02,554.126,555.264,550.549,552.964
2014-01-03,553.897,554.856,548.895,548.93
2014-01-06,552.909,555.815,549.645,555.05
2014-01-07,558.865,566.163,556.958,565.75
2014-01-08,569.297,569.953,562.983,566.928
2014-01-09,568.026,568.413,559.143,561.468
2014-01-10,565.86,565.86,557.499,561.438
2014-01-13,559.595,569.749,554.975,557.862
2014-01-14,565.298,571.781,560.4,570.986
2014-01-15,572.77,573.768,568.199,570.599
2014-01-16,570.837,575.224,570.291,574.374
2014-01-17,574.687,576.565,568.403,571.548
2014-01-21,576.714,578.239,571.93,578.09
2014-01-22,579.536,580.172,575.686,578.746
2014-01-23,576.252,577.489,573.455,576.302
2014-01-24,571.786,573.048,557.872,558.284
2014-01-27,559.412,559.61,537.638,547.057
2014-01-28,551.573,559.238,551.384,557.877
2014-01-29,555.944,557.251,546.158,549.884
2014-01-30,568.8,572.521,559.983,564.027
2014-01-31,581.89,589.436,571.846,586.669
2014-02-03,585.79,587.042,562.347,563.053
2014-02-04,565.318,573.768,564.831,565.403
2014-02-05,567.996,571.667,560.365,567.906
2014-02-06,571.846,576.332,570.067,576.232
2014-02-07,580.042,585.144,576.53,584.916
2014-02-10,582.114,587.38,580.733,582.675
2014-02-11,586.272,592.084,582.318,591.245
2014-02-12,590.658,591.155,586.873,589.511
2014-02-13,586.56,596.073,586.018,596.073
2014-02-14,593.942,598.304,592.546,597.514
2014-02-18,596.823,602.516,596.123,601.528
2014-02-19,598.756,600.703,594.881,597.285
2014-02-20,597.683,599.546,596.232,598.164
2014-02-21,600.003,601.026,597.534,598.006
2014-02-24,598.785,606.138,598.656,602.337
2014-02-25,604.041,608.294,601.299,606.058
2014-02-26,608.045,610.469,602.958,606.143
2014-02-27,605.258,608.159,604.573,605.666
2014-02-28,606.227,608.14,599.213,603.897
2014-03-03,599.476,600.017,592.218,597.459
2014-03-04,603.574,604.071,600.842,603.53
2014-03-05,603.599,607.588,601.791,605.194
2014-03-06,607.191,609.113,605.363,605.864
2014-03-07,609.436,609.531,601.806,603.47
2014-03-10,603.917,604.886,598.155,601.87
2014-03-11,602.963,603.237,594.454,596.118
2014-03-12,594.334,600.022,588.269,599.749
2014-03-13,600.072,601.339,588.552,590.688
2014-03-14,587.176,591.587,582.477,582.611
2014-03-17,585.815,594.667,585.249,592.198
2014-03-18,593.475,601.851,592.675,601.716
2014-03-19,601.985,602.079,593.346,595.75
2014-03-20,596.098,600.897,593.818,594.712
2014-03-21,599.257,600.907,587.404,587.698
2014-03-24,588.269,588.622,569.272,575.224
2014-03-25,579.233,581.14,569.794,575.616
2014-03-26,577.251,582.0,562.094,562.328
2014-03-27,564.894,564.894,549.896,555.406
2014-03-28,558.131,563.333,555.615,556.928
2014-03-31,563.79,563.899,553.884,553.924
2014-04-01,555.655,565.341,555.655,564.059
2014-04-02,596.709,601.523,559.116,563.899
2014-04-03,566.734,584.068,561.045,566.624
2014-04-04,571.508,574.61,540.031,540.17
2014-04-07,537.783,545.481,524.267,535.207
2014-04-08,539.633,551.965,538.648,551.866
2014-04-09,556.56,562.278,549.926,561.055
2014-04-10,561.91,561.91,536.948,537.992
2014-04-11,529.638,537.047,523.651,527.698
2014-04-14,535.307,541.125,526.664,529.608
2014-04-15,533.884,535.505,515.625,533.506
2014-04-16,540.031,553.954,537.047,553.497
2014-04-17,545.809,546.495,528.245,533.168
2014-04-21,533.168,533.765,522.726,525.729
2014-04-22,525.749,534.292,524.625,531.885
2014-04-23,530.871,530.951,523.372,524.058
2014-04-24,527.171,528.743,519.265,522.288
2014-04-25,519.653,521.831,512.601,513.357
2014-04-28,514.352,515.764,500.05,514.322
2014-04-29,514.073,526.565,513.497,524.814
2014-04-30,524.715,525.113,519.663,523.78
2014-05-01,524.228,530.016,521.015,528.444
2014-05-02,530.841,531.08,522.736,525.043
2014-05-05,521.95,526.008,518.469,524.924
2014-05-06,522.358,523.929,512.243,512.323
2014-05-07,512.969,513.855,500.548,507.171
2014-05-08,505.68,514.402,503.68,508.206
2014-05-09,507.957,517.057,501.443,515.893
2014-05-12,520.647,527.291,516.172,527.022
2014-05-13,527.987,533.138,526.614,530.175
2014-05-14,530.085,530.085,522.417,523.77
2014-05-15,522.825,522.994,514.591,517.137
2014-05-16,518.539,518.947,512.621,517.783
2014-05-19,516.858,526.883,514.753,525.968
2014-05-20,526.843,533.298,523.422,526.873
2014-05-21,529.986,536.234,529.001,535.993
2014-05-22,538.171,544.605,537.823,542.079
2014-05-23,544.267,550.612,540.727,549.678
2014-05-27,552.96,562.905,551.319,562.855
2014-05-28,561.483,564.735,557.932,558.608
2014-05-29,560.269,560.916,555.655,557.017
2014-05-30,557.733,558.28,552.87,556.828
2014-06-02,557.634,557.833,542.746,550.901
2014-06-03,547.977,549.32,539.583,541.96
2014-06-04,538.539,545.61,535.804,541.682
2014-06-05,543.412,551.915,541.473,550.871
2014-06-06,555.008,555.008,545.928,553.288
2014-06-09,554.103,559.822,552.999,559.046
2014-06-10,557.445,560.518,554.849,557.485
2014-06-11,554.949,556.818,551.985,555.784
2014-06-12,554.252,554.939,545.461,548.335
2014-06-13,549.24,549.28,542.577,548.743
2014-06-16,546.256,546.614,538.559,541.304
2014-06-17,541.224,542.338,536.381,540.041
2014-06-18,541.88,550.533,541.025,550.344
2014-06-19,551.209,551.965,545.51,551.866
2014-06-20,553.805,554.531,547.382,553.318
2014-06-23,552.114,561.91,551.219,561.861
2014-06-24,562.099,569.515,557.942,561.532
2014-06-25,562.169,576.789,562.129,575.486
2014-06-26,577.823,579.265,568.723,572.85
2014-06-27,574.024,576.699,570.662,574.083
2014-06-30,575.496,576.401,571.607,572.134
2014-07-01,575.157,581.204,573.497,579.484
2014-07-02,580.16,582.239,577.216,579.151
2014-07-03,580.16,581.811,577.743,581.532
2014-07-07,580.568,583.223,576.421,579.066
2014-07-08,574.501,576.359,563.039,567.967
2014-07-09,568.454,573.566,566.262,572.93
2014-07-10,562.815,573.437,561.92,567.977
2014-07-11,568.783,577.674,568.295,576.013
2014-07-14,579.414,582.01,574.869,581.672
2014-07-15,582.537,582.602,573.407,581.582
2014-07-16,584.785,585.182,579.016,579.474
2014-07-17,576.361,577.813,565.501,570.593
2014-07-18,589.757,593.536,578.817,591.826
2014-07-21,588.514,591.15,582.033,586.247
2014-07-22,587.49,596.371,587.37,591.488
2014-07-23,589.986,594.581,589.26,592.721
2014-07-24,593.188,596.222,588.534,590.105
2014-07-25,587.171,588.623,583.82,585.799
2014-07-28,584.854,589.26,581.555,587.37
2014-07-29,585.53,586.475,580.324,582.408
2014-07-30,583.342,586.276,580.806,584.208
2014-07-31,577.425,580.458,566.883,568.474
2014-08-01,567.281,572.81,559.772,562.974
2014-08-04,565.928,572.204,561.015,570.016
2014-08-05,566.933,568.852,559.533,561.98
2014-08-06,558.708,567.579,556.938,563.277
2014-08-07,564.894,566.774,558.032,560.279
2014-08-08,560.478,567.132,557.286,565.66
2014-08-11,566.873,567.37,562.905,564.775
2014-08-12,561.433,562.805,557.813,559.653
2014-08-13,564.208,571.856,562.656,571.637
2014-08-14,573.029,574.74,567.758,571.508
2014-08-15,574.7,576.212,567.4,570.344
2014-08-18,572.96,581.314,572.85,578.977
2014-08-19,581.801,584.128,580.806,583.651
2014-08-20,582.676,583.492,579.384,581.294
2014-08-21,580.627,581.304,577.962,580.18
2014-08-22,580.399,582.036,577.465,579.374
2014-08-25,581.522,581.801,575.834,577.027
2014-08-26,578.081,578.618,573.427,574.7
2014-08-27,574.113,575.327,566.985,567.878
2014-08-28,566.445,570.115,563.999,566.087
2014-08-29,568.206,568.912,563.968,568.474
2014-09-02,568.723,574.67,568.066,574.173
2014-09-03,576.828,579.802,571.856,574.78
2014-09-04,576.828,582.795,576.053,578.797
2014-09-05,580.786,583.342,578.768,582.875
2014-09-08,583.392,588.534,583.094,586.495
2014-09-09,585.68,585.779,576.828,577.833
2014-09-10,578.32,580.309,573.785,579.911
2014-09-11,577.186,578.628,573.109,578.171
2014-09-12,577.823,578.459,571.319,572.472
2014-09-15,569.807,571.806,565.103,569.966
2014-09-16,569.628,578.32,569.528,576.779
2014-09-17,576.838,584.307,575.61,581.572
2014-09-18,583.79,586.316,581.801,586.048
2014-09-19,588.265,593.218,586.276,592.82
2014-09-22,590.573,590.701,580.269,584.158
2014-09-23,583.641,583.641,577.823,577.952
2014-09-24,578.28,586.406,577.345,584.775
2014-09-25,584.337,584.765,571.04,571.915
2014-09-26,572.91,576.082,571.518,573.944
2014-09-29,568.623,575.028,568.047,573.208
2014-09-30,573.775,576.679,569.717,574.203
2014-10-01,572.86,574.422,563.909,565.162
2014-10-02,564.208,568.783,560.24,566.963
2014-10-03,569.916,574.068,569.369,572.134
2014-10-06,575.635,577.823,571.299,574.193
2014-10-07,571.259,572.124,560.657,560.657
2014-10-08,562.477,570.742,554.441,569.369
2014-10-09,568.057,568.365,556.003,557.813
2014-10-10,554.67,562.04,541.075,541.512
2014-10-13,542.01,546.495,530.185,530.294
2014-10-14,535.953,544.198,530.254,534.998
2014-10-15,528.106,529.886,515.466,527.132
2014-10-16,516.162,526.535,512.184,521.642
2014-10-17,524.367,528.076,505.749,508.375
2014-10-20,506.664,518.907,505.321,517.992
2014-10-21,522.318,523.909,516.271,523.661
2014-10-22,526.992,536.848,525.908,529.797
2014-10-23,536.371,544.228,532.92,541.005
2014-10-24,541.383,541.9,532.86,536.828
2014-10-27,534.093,541.433,534.093,537.813
2014-10-28,540.031,545.978,538.658,545.898
2014-10-29,546.992,551.159,543.989,546.326
2014-10-30,545.948,549.777,540.538,547.301
2014-10-31,556.291,556.51,551.716,556.023
2014-11-03,552.462,554.849,550.205,552.184
2014-11-04,549.976,552.462,546.296,551.08
2014-11-05,553.755,553.755,541.075,542.935
2014-11-06,542.517,543.894,538.012,539.076
2014-11-07,543.223,543.223,535.724,538.052
2014-11-10,538.499,546.585,538.061,544.496
2014-11-11,545.491,548.922,543.313,547.281
2014-11-12,547.38,547.45,542.189,544.317
2014-11-13,546.793,546.793,540.508,542.398
2014-11-14,543.69,543.69,539.185,541.423
2014-11-17,540.607,540.816,531.141,533.576
2014-11-18,534.561,538.976,531.249,532.104
2014-11-19,532.074,535.297,527.181,534.053
2014-11-20,528.345,532.184,528.176,531.905
2014-11-21,538.648,539.175,533.626,534.561
2014-11-24,534.71,539.732,532.691,536.321
2014-11-25,536.052,541.005,535.657,538.121
2014-11-26,537.922,538.589,534.105,537.415
2014-11-28,537.664,539.036,533.666,538.867
2014-12-01,535.953,538.449,528.952,530.881
2014-12-02,530.593,532.572,526.903,530.831
2014-12-03,528.534,533.065,526.366,528.414
2014-12-04,528.255,534.402,525.699,534.372
2014-12-05,528.096,529.976,521.413,522.388
2014-12-08,524.247,528.096,520.926,524.098
2014-12-09,519.285,531.269,517.654,530.453
2014-12-10,530.165,533.397,522.686,523.183
2014-12-11,524.914,531.0,524.218,525.451
2014-12-12,520.647,525.61,515.824,515.824
2014-12-15,519.881,520.239,510.463,510.99
2014-12-16,508.763,510.244,486.326,492.681
2014-12-17,494.282,504.227,494.093,502.129
2014-12-18,510.145,511.06,501.94,508.305
2014-12-19,508.713,514.889,504.139,513.526
2014-12-22,513.258,523.581,513.258,522.0
2014-12-23,524.118,531.637,523.412,527.688
2014-12-24,527.609,528.851,524.138,525.878
2014-12-26,525.878,531.328,524.426,531.11
2014-12-29,529.28,532.552,527.113,527.43
2014-12-30,525.202,528.245,524.247,527.519
2014-12-31,528.345,529.688,522.925,523.521
2015-01-02,526.115,528.362,521.232,521.938
2015-01-05,520.396,521.46,510.252,511.058
2015-01-06,512.181,513.35,498.308,499.213
2015-01-07,504.225,504.468,496.915,498.358
2015-01-08,495.265,500.724,488.313,499.929
2015-01-09,501.997,502.157,492.082,493.454
2015-01-12,492.231,493.262,484.892,489.854
2015-01-13,496.11,500.227,489.695,493.464
2015-01-14,491.943,500.476,490.302,498.129
2015-01-15,502.803,502.912,495.036,499.044
2015-01-16,497.273,505.409,497.264,505.299
2015-01-20,508.203,509.695,503.247,504.126
2015-01-21,504.474,516.438,503.43,515.205
2015-01-22,518.626,533.395,516.856,531.465
2015-01-23,532.659,539.203,530.083,536.995
2015-01-26,535.583,536.05,526.771,532.281
2015-01-27,527.07,527.796,515.354,515.792
2015-01-28,519.919,520.128,507.209,507.209
2015-01-29,508.203,508.293,498.457,507.865
2015-01-30,513.037,536.915,512.699,531.595
2015-02-02,528.82,530.083,515.712,525.588
2015-02-03,525.11,530.481,520.396,526.344
2015-02-04,526.344,529.757,518.417,519.899
2015-02-05,520.923,525.608,519.233,524.693
2015-02-06,524.752,534.26,523.529,528.094
2015-02-09,525.11,529.088,523.141,524.941
2015-02-10,526.403,534.757,524.036,534.001
2015-02-11,532.37,535.503,530.459,533.037
2015-02-12,534.31,541.838,531.747,539.959
2015-02-13,540.376,546.9,540.157,546.005
2015-02-17,543.837,546.99,538.129,539.869
2015-02-18,538.437,542.505,534.568,536.746
2015-02-19,535.098,540.14,535.068,539.901
2015-02-20,540.157,540.774,532.868,536.0
2015-02-23,533.116,533.503,526.513,528.999
2015-02-24,527.099,533.852,525.359,533.156
2015-02-25,532.967,543.231,532.515,540.893
2015-02-26,540.237,553.096,538.536,552.44
2015-02-27,551.207,561.619,549.874,555.344
2015-03-02,557.462,569.019,555.692,568.213
2015-03-03,567.328,572.241,563.419,570.5
2015-03-04,568.74,573.952,564.901,570.232
2015-03-05,571.873,574.747,570.272,572.181
2015-03-06,571.734,573.524,563.658,564.578
2015-03-09,563.758,567.149,560.451,565.737
2015-03-10,561.162,561.759,551.694,551.972
2015-03-11,552.102,555.085,547.666,548.163
2015-03-12,550.481,553.325,547.447,552.47
2015-03-13,550.471,555.344,541.242,544.325
2015-03-16,547.935,553.802,543.012,551.475
2015-03-17,548.691,550.769,545.001,547.825
2015-03-18,549.476,556.716,544.006,556.438
2015-03-19,556.328,557.731,553.101,554.936
2015-03-20,558.576,558.646,555.99,557.293
2015-03-23,557.363,559.282,552.788,555.752
2015-03-24,559.481,571.445,558.139,567.069
2015-03-25,567.378,569.128,555.682,555.727
2015-03-26,554.538,555.841,547.636,552.132
2015-03-27,549.973,552.241,545.13,545.339
2015-03-30,548.601,550.441,545.17,549.009
2015-03-31,546.99,551.674,543.728,545.001
2015-04-01,545.598,548.124,536.547,539.591
2015-04-02,537.89,537.89,530.925,532.599
2015-04-06,529.307,535.463,526.672,533.827
2015-04-07,535.135,539.72,533.067,534.081
2015-04-08,535.433,540.874,535.433,538.646
2015-04-09,538.069,538.984,532.559,537.82
2015-04-10,539.322,539.322,534.369,537.055
2015-04-13,535.463,541.082,534.369,536.219
2015-04-14,533.315,534.628,525.202,527.487
2015-04-15,525.809,531.806,520.359,529.618
2015-04-16,527.0,532.659,526.711,530.879
2015-04-17,525.767,526.94,518.159,521.182
2015-04-20,522.723,533.156,521.629,532.45
2015-04-21,534.571,536.44,530.757,531.05
2015-04-22,531.475,538.119,528.84,536.413
2015-04-23,538.039,547.945,537.273,544.006
2015-04-24,563.002,568.014,554.2,561.967
2015-04-27,563.39,565.95,553.2,555.37
2015-04-28,554.64,556.02,550.366,553.68
2015-04-29,550.47,553.68,546.905,549.08
2015-04-30,547.87,548.59,535.05,537.34
2015-05-01,538.43,539.54,532.1,537.9
2015-05-04,538.53,544.07,535.06,540.78
2015-05-05,538.21,539.74,530.391,530.8
2015-05-06,531.24,532.38,521.085,524.22
2015-05-07,523.99,533.46,521.75,530.7
2015-05-08,536.65,541.15,525.0,538.22
2015-05-11,538.37,541.98,535.4,535.7
2015-05-12,531.6,533.209,525.26,529.04
2015-05-13,530.56,534.322,528.655,529.62
2015-05-14,533.77,539.0,532.41,538.4
2015-05-15,539.18,539.274,530.38,533.85
2015-05-18,532.01,534.82,528.85,532.3
2015-05-19,533.98,540.66,533.04,537.36
2015-05-20,538.49,542.92,532.972,539.27
2015-05-21,537.95,543.84,535.98,542.51
2015-05-22,540.15,544.19,539.51,540.11
2015-05-26,538.12,539.0,529.88,532.32
2015-05-27,532.8,540.55,531.71,539.79
2015-05-28,538.01,540.61,536.25,539.78
2015-05-29,537.37,538.63,531.45,532.11
2015-06-01,536.79,536.79,529.76,533.99
2015-06-02,532.93,543.0,531.33,539.18
2015-06-03,539.91,543.5,537.11,540.31
2015-06-04,537.76,540.59,534.32,536.7
2015-06-05,536.35,537.2,532.52,533.33
2015-06-08,533.31,534.12,526.24,526.83
2015-06-09,527.56,529.2,523.01,526.69
2015-06-10,529.36,538.36,529.35,536.69
2015-06-11,538.425,538.98,533.02,534.61
2015-06-12,531.6,533.12,530.16,532.33
2015-06-15,528.0,528.3,524.0,527.2
2015-06-16,528.4,529.64,525.56,528.15
2015-06-17,529.37,530.98,525.1,529.26
2015-06-18,531.0,538.15,530.79,536.73
2015-06-19,537.21,538.25,533.01,536.69
2015-06-22,539.59,543.74,537.53,538.19
2015-06-23,539.64,541.499,535.25,540.48
2015-06-24,540.0,540.0,535.66,537.84
2015-06-25,538.87,540.9,535.23,535.23
2015-06-26,537.26,537.76,531.35,531.69
2015-06-29,525.01,528.61,520.54,521.52
2015-06-30,526.02,526.25,520.5,520.51
2015-07-01,524.73,525.69,518.23,521.84
2015-07-02,521.08,524.65,521.08,523.4
2015-07-06,519.5,525.25,519.0,522.86
2015-07-07,523.13,526.18,515.18,525.02
2015-07-08,521.05,522.734,516.11,516.83
2015-07-09,523.12,523.77,520.35,520.68
2015-07-10,526.29,532.56,525.55,530.13
2015-07-13,532.88,547.11,532.4,546.55
2015-07-14,546.76,565.849,546.71,561.1
2015-07-15,560.13,566.503,556.79,560.22
2015-07-16,565.12,580.68,565.0,579.85
2015-07-17,649.0,674.468,645.0,672.93
2015-07-20,659.24,668.88,653.01,663.02
2015-07-21,655.21,673.0,654.3,662.3
2015-07-22,660.89,678.64,659.0,662.1
2015-07-23,661.27,663.63,641.0,644.28
2015-07-24,647.0,648.17,622.52,623.56
2015-07-27,621.0,634.3,620.5,627.26
2015-07-28,632.83,632.83,623.31,628.0
2015-07-29,628.8,633.36,622.65,631.93
2015-07-30,630.0,635.22,622.05,632.59
2015-07-31,631.38,632.91,625.5,625.61
2015-08-03,625.34,633.056,625.34,631.21
2015-08-04,628.42,634.81,627.16,629.25
2015-08-05,634.33,647.86,633.16,643.78
2015-08-06,645.0,645.379,632.25,642.68
2015-08-07,640.23,642.68,629.71,635.3
2015-08-10,639.48,643.44,631.249,633.73
2015-08-11,669.2,674.9,654.27,660.78
2015-08-12,663.08,665.0,652.29,659.56
2015-08-13,659.322,664.5,651.661,656.45
2015-08-14,655.01,659.855,652.66,657.12
2015-08-17,656.8,661.38,651.24,660.87
2015-08-18,661.9,664.0,653.46,656.13
2015-08-19,656.6,667.0,654.19,660.9
2015-08-20,655.46,662.99,642.9,646.83
2015-08-21,639.78,640.05,612.33,612.48
2015-08-24,573.0,599.33,565.05,589.61
2015-08-25,614.91,617.45,581.11,582.06
2015-08-26,610.35,631.71,599.05,628.62
2015-08-27,639.4,643.59,622.0,637.61
2015-08-28,632.82,636.88,624.56,630.38
2015-08-31,627.54,635.8,617.68,618.25
2015-09-01,602.36,612.86,594.1,597.79
2015-09-02,605.59,614.34,599.71,614.34
2015-09-03,617.0,619.71,602.821,606.25
2015-09-04,600.0,603.47,595.25,600.7
2015-09-08,612.49,616.31,604.12,614.66
2015-09-09,621.22,626.52,609.6,612.72
2015-09-10,613.1,624.16,611.43,621.35
2015-09-11,619.75,625.78,617.42,625.77
2015-09-14,625.7,625.86,619.43,623.24
2015-09-15,626.7,638.7,623.78,635.14
2015-09-16,635.47,637.95,632.32,635.98
2015-09-17,637.79,650.9,635.02,642.9
2015-09-18,636.79,640.0,627.02,629.25
2015-09-21,634.4,636.49,625.94,635.44
2015-09-22,627.0,627.55,615.43,622.69
2015-09-23,622.05,628.93,620.0,622.36
2015-09-24,616.64,627.32,612.4,625.8
2015-09-25,629.77,629.77,611.0,611.97
2015-09-28,610.34,614.605,589.38,594.89
2015-09-29,597.28,605.0,590.22,594.97
2015-09-30,603.28,608.76,600.73,608.42
2015-10-01,608.37,612.09,599.85,611.29
2015-10-02,607.2,627.34,603.13,626.91
2015-10-05,632.0,643.01,627.0,641.47
2015-10-06,638.84,649.25,636.53,645.44
2015-10-07,649.24,650.609,632.15,642.36
2015-10-08,641.36,644.45,625.56,639.16
2015-10-09,640.0,645.99,635.318,643.61
2015-10-12,642.09,648.5,639.01,646.67
2015-10-13,643.15,657.812,643.15,652.3
2015-10-14,653.21,659.39,648.85,651.16
2015-10-15,654.66,663.13,654.46,661.74
2015-10-16,664.11,664.97,657.2,662.2
2015-10-19,661.18,666.82,659.58,666.1
2015-10-20,664.04,664.72,644.195,650.28
2015-10-21,654.15,655.87,641.73,642.61
2015-10-22,646.7,657.8,644.01,651.79
2015-10-23,727.5,730.0,701.5,702.0
2015-10-26,701.55,719.15,701.26,712.78
2015-10-27,707.38,713.62,704.55,708.49
2015-10-28,707.33,712.98,703.08,712.95
2015-10-29,710.5,718.26,710.01,716.92
2015-10-30,715.73,718.0,710.05,710.81
2015-11-02,711.06,721.62,705.85,721.11
2015-11-03,718.86,724.65,714.72,722.16
2015-11-04,722.0,733.1,721.9,728.11
2015-11-05,729.47,739.48,729.47,731.25
2015-11-06,731.5,735.41,727.01,733.76
2015-11-09,730.2,734.71,719.43,724.89
2015-11-10,724.4,730.59,718.5,728.32
2015-11-11,732.46,741.0,730.23,735.4
2015-11-12,731.0,737.8,728.645,731.23
2015-11-13,729.17,731.15,716.73,717.0
2015-11-16,715.6,729.49,711.33,728.96
2015-11-17,729.29,731.845,723.027,725.3
2015-11-18,727.58,741.41,727.0,740.0
2015-11-19,738.74,742.0,737.43,738.41
2015-11-20,746.53,757.92,743.0,756.6
2015-11-23,757.45,762.708,751.82,755.98
2015-11-24,752.0,755.279,737.63,748.28
2015-11-25,748.14,752.0,746.06,748.15
2015-11-27,748.46,753.41,747.49,750.26
2015-11-30,748.81,754.93,741.27,742.6
2015-12-01,747.11,768.95,746.7,767.04
2015-12-02,768.9,775.955,758.96,762.38
2015-12-03,766.01,768.995,745.63,752.54
2015-12-04,753.1,768.49,750.0,766.81
2015-12-07,767.77,768.73,755.09,763.25
2015-12-08,757.89,764.8,754.2,762.37
2015-12-09,759.17,764.23,737.001,751.61
2015-12-10,752.85,755.85,743.83,749.46
2015-12-11,741.16,745.71,736.75,738.87
2015-12-14,741.79,748.73,724.17,747.77
2015-12-15,753.0,758.08,743.01,743.4
2015-12-16,750.0,760.59,739.435,758.09
2015-12-17,762.42,762.68,749.0,749.43
2015-12-18,746.51,754.13,738.15,739.31
2015-12-21,746.13,750.0,740.0,747.77
2015-12-22,751.65,754.85,745.53,750.0
2015-12-23,753.47,754.21,744.0,750.31
2015-12-24,749.55,751.35,746.62,748.4
2015-12-28,752.92,762.99,749.52,762.51
2015-12-29,766.69,779.98,766.43,776.6
2015-12-30,776.6,777.6,766.9,771.0
2015-12-31,769.5,769.5,758.34,758.88
2016-01-04,743.0,744.06,731.258,741.84
2016-01-05,746.45,752.0,738.64,742.58
2016-01-06,730.0,747.18,728.92,743.62
2016-01-07,730.31,738.5,719.06,726.39
2016-01-08,731.45,733.23,713.0,714.47
2016-01-11,716.61,718.855,703.54,716.03
2016-01-12,721.68,728.75,717.317,726.07
2016-01-13,730.85,734.74,698.61,700.56
2016-01-14,705.38,721.925,689.1,714.72
2016-01-15,692.29,706.74,685.37,694.45
2016-01-19,703.3,709.98,693.41,701.79
2016-01-20,688.61,706.85,673.26,698.45
2016-01-21,702.18,719.19,694.46,706.59
2016-01-22,723.6,728.13,720.121,725.25
2016-01-25,723.58,729.68,710.01,711.67
2016-01-26,713.85,718.28,706.48,713.04
2016-01-27,713.67,718.235,694.39,699.99
2016-01-28,722.22,733.69,712.35,730.96
2016-01-29,731.53,744.99,726.8,742.95
2016-02-01,750.46,757.86,743.27,752.0
2016-02-02,784.5,789.87,764.65,764.65
2016-02-03,770.22,774.5,720.5,726.95
2016-02-04,722.81,727.0,701.86,708.01
2016-02-05,703.87,703.99,680.15,683.57
2016-02-08,667.85,684.03,663.06,682.74
2016-02-09,672.32,699.9,668.77,678.11
2016-02-10,686.86,701.31,682.13,684.12
2016-02-11,675.0,689.35,668.868,683.11
2016-02-12,690.26,693.75,678.6,682.4
2016-02-16,692.98,698.0,685.05,691.0
2016-02-17,698.09,709.75,691.38,708.4
2016-02-18,710.0,712.35,696.03,697.35
2016-02-19,695.03,703.081,694.05,700.91
2016-02-22,707.45,713.24,702.51,706.46
2016-02-23,701.45,708.4,693.58,695.85
2016-02-24,688.92,700.0,680.78,699.56
2016-02-25,700.01,705.98,690.585,705.75
2016-02-26,708.58,713.43,700.86,705.07
2016-02-29,700.32,710.89,697.68,697.77
2016-03-01,703.62,718.81,699.77,718.81
2016-03-02,719.0,720.0,712.0,718.85
2016-03-03,718.68,719.45,706.02,712.42
2016-03-04,714.99,716.49,706.02,710.89
2016-03-07,706.9,708.091,686.9,695.16
2016-03-08,688.59,703.79,685.34,693.97
2016-03-09,698.47,705.68,694.0,705.24
2016-03-10,708.12,716.44,703.36,712.82
2016-03-11,720.0,726.92,717.125,726.82
2016-03-14,726.81,735.5,725.15,730.49
2016-03-15,726.92,732.29,724.77,728.33
2016-03-16,726.37,737.47,724.51,736.09
2016-03-17,736.45,743.07,736.0,737.78
2016-03-18,741.86,742.0,731.83,737.6
2016-03-21,736.5,742.5,733.516,742.09
2016-03-22,737.46,745.0,737.46,740.75
2016-03-23,742.36,745.72,736.15,738.06
2016-03-24,732.01,737.747,731.0,735.3
2016-03-28,736.79,738.99,732.5,733.53
2016-03-29,734.59,747.25,728.76,744.77
2016-03-30,750.1,757.88,748.74,750.53
2016-03-31,749.25,750.85,740.94,744.95
2016-04-01,738.6,750.34,737.0,749.91
2016-04-04,750.06,752.8,742.43,745.29
2016-04-05,738.0,742.8,735.37,737.8
2016-04-06,735.77,746.24,735.56,745.69
2016-04-07,745.37,747.0,736.28,740.28
2016-04-08,743.97,745.45,735.55,739.15
2016-04-11,743.02,745.0,736.05,736.1
2016-04-12,738.0,743.83,731.01,743.09
2016-04-13,749.16,754.38,744.261,751.72
2016-04-14,754.01,757.31,752.705,753.2
2016-04-15,753.98,761.0,752.694,759.0
2016-04-18,760.46,768.05,757.3,766.61
2016-04-19,769.51,769.9,749.33,753.93
2016-04-20,758.0,758.132,750.01,752.67
2016-04-21,755.38,760.45,749.55,759.14
2016-04-22,726.3,736.12,713.61,718.77
2016-04-25,716.1,723.93,715.59,723.15
2016-04-26,725.42,725.766,703.026,708.14
2016-04-27,707.29,708.98,692.365,705.84
2016-04-28,708.26,714.17,689.55,691.02
2016-04-29,690.7,697.62,689.0,693.01
2016-05-02,697.63,700.64,691.0,698.21
2016-05-03,696.87,697.84,692.0,692.36
2016-05-04,690.49,699.75,689.01,695.7
2016-05-05,697.7,702.32,695.72,701.43
2016-05-06,698.38,711.86,698.107,711.12
2016-05-09,712.0,718.71,710.0,712.9
2016-05-10,716.75,723.5,715.72,723.18
2016-05-11,723.41,724.48,712.8,715.29
2016-05-12,717.06,719.25,709.0,713.31
2016-05-13,711.93,716.662,709.26,710.83
2016-05-16,709.13,718.48,705.65,716.49
2016-05-17,715.99,721.52,704.11,706.23
2016-05-18,703.67,711.6,700.63,706.63
2016-05-19,702.36,706.0,696.8,700.32
2016-05-20,701.62,714.58,700.52,709.74
2016-05-23,706.53,711.478,704.18,704.24
2016-05-24,706.86,720.97,706.86,720.09
2016-05-25,720.76,727.51,719.705,725.27
2016-05-26,722.87,728.33,720.28,724.12
2016-05-27,724.01,733.936,724.0,732.66
2016-05-31,731.74,739.73,731.26,735.72
2016-06-01,734.53,737.21,730.66,734.15
2016-06-02,732.5,733.02,724.17,730.4
2016-06-03,729.27,729.49,720.56,722.34
2016-06-06,724.91,724.91,714.61,716.55
2016-06-07,719.84,721.98,716.55,716.65
2016-06-08,723.96,728.57,720.58,728.28
2016-06-09,722.87,729.54,722.336,728.58
2016-06-10,719.47,725.89,716.43,719.41
2016-06-13,716.51,725.44,716.51,718.36
2016-06-14,716.48,722.47,713.12,718.27
2016-06-15,719.0,722.98,717.31,718.92
2016-06-16,714.91,716.65,703.26,710.36
2016-06-17,708.65,708.82,688.452,691.72
2016-06-20,698.77,702.48,693.41,693.71
2016-06-21,698.4,702.77,692.01,695.94
2016-06-22,699.06,700.86,693.082,697.46
2016-06-23,697.45,701.95,687.0,701.87
2016-06-24,675.17,689.4,673.45,675.22
2016-06-27,671.0,672.3,663.284,668.26
2016-06-28,678.97,680.33,673.0,680.04
2016-06-29,683.0,687.429,681.41,684.11
2016-06-30,685.47,692.32,683.65,692.1
2016-07-01,692.2,700.65,692.13,699.21
2016-07-05,696.06,696.94,688.88,694.95
2016-07-06,689.98,701.68,689.09,697.77
2016-07-07,698.08,698.2,688.215,695.36
2016-07-08,699.5,705.71,696.435,705.63
2016-07-11,708.05,716.51,707.24,715.09
2016-07-12,719.12,722.94,715.91,720.64
2016-07-13,723.62,724.0,716.85,716.98
2016-07-14,721.58,722.21,718.03,720.95
2016-07-15,725.73,725.74,719.055,719.85
2016-07-18,722.71,736.13,721.19,733.78
2016-07-19,729.89,736.99,729.0,736.96
2016-07-20,737.33,742.13,737.1,741.19
2016-07-21,740.36,741.69,735.831,738.63
2016-07-22,741.86,743.24,736.56,742.74
2016-07-25,740.67,742.61,737.5,739.77
2016-07-26,739.04,741.69,734.27,738.42
2016-07-27,738.28,744.46,737.0,741.77
2016-07-28,747.04,748.65,739.3,745.91
2016-07-29,772.71,778.55,766.77,768.79
2016-08-01,761.09,780.43,761.09,772.88
2016-08-02,768.69,775.84,767.85,771.07
2016-08-03,767.18,773.21,766.82,773.18
2016-08-04,772.22,774.07,768.795,771.61
2016-08-05,773.78,783.04,772.34,782.22
2016-08-08,782.0,782.63,778.091,781.76
2016-08-09,781.1,788.94,780.57,784.26
2016-08-10,783.75,786.812,782.778,784.68
2016-08-11,785.0,789.75,782.97,784.85
2016-08-12,781.5,783.395,780.4,783.22
2016-08-15,783.75,787.49,780.11,782.44
2016-08-16,780.3,780.98,773.444,777.14
2016-08-17,777.32,780.81,773.53,779.91
2016-08-18,780.01,782.86,777.0,777.5
2016-08-19,775.0,777.1,773.13,775.42
2016-08-22,773.27,774.54,770.05,772.15
2016-08-23,775.48,776.44,771.785,772.08
2016-08-24,770.58,774.5,767.07,769.64
2016-08-25,767.0,771.89,763.185,769.41
2016-08-26,769.0,776.08,765.85,769.54
2016-08-29,768.74,774.99,766.615,772.15
2016-08-30,769.33,774.466,766.84,769.09
2016-08-31,767.01,769.09,765.38,767.05
2016-09-01,769.25,771.02,764.3,768.78
2016-09-02,773.01,773.92,768.41,771.46
2016-09-06,773.45,782.0,771.0,780.08
2016-09-07,780.0,782.73,776.2,780.35
2016-09-08,778.59,780.35,773.58,775.32
2016-09-09,770.1,773.245,759.66,759.66
2016-09-12,755.13,770.29,754.0,769.02
2016-09-13,764.48,766.22,755.8,759.69
2016-09-14,759.61,767.68,759.11,762.49
2016-09-15,762.89,773.8,759.96,771.76
2016-09-16,769.75,769.75,764.66,768.88
2016-09-19,772.42,774.0,764.441,765.7
2016-09-20,769.0,773.33,768.53,771.41
2016-09-21,772.66,777.16,768.301,776.22
2016-09-22,780.0,789.85,778.44,787.21
2016-09-23,786.59,788.93,784.15,786.9
2016-09-26,782.74,782.74,773.07,774.21
2016-09-27,775.5,785.99,774.308,783.01
2016-09-28,777.85,781.81,774.97,781.56
2016-09-29,781.44,785.8,774.232,775.01
2016-09-30,776.33,780.94,774.09,777.29
2016-10-03,774.25,776.065,769.5,772.56
2016-10-04,776.03,778.71,772.89,776.43
2016-10-05,779.31,782.07,775.65,776.47
2016-10-06,779.0,780.48,775.54,776.86
2016-10-07,779.66,779.66,770.75,775.08
2016-10-10,777.71,789.38,775.87,785.94
2016-10-11,786.66,792.28,780.58,783.07
2016-10-12,783.76,788.13,782.06,786.14
2016-10-13,781.22,781.22,773.0,778.19
2016-10-14,781.65,783.95,776.0,778.53
2016-10-17,779.8,785.85,777.5,779.96
2016-10-18,787.85,801.61,785.565,795.26
2016-10-19,798.24,804.6,798.03,801.5
2016-10-20,803.3,803.97,796.03,796.97
2016-10-21,795.0,799.5,794.0,799.37
2016-10-24,804.9,815.18,804.82,813.11
2016-10-25,816.68,816.68,805.14,807.67
2016-10-26,806.34,806.98,796.32,799.07
2016-10-27,801.0,803.49,791.5,795.35
2016-10-28,808.35,815.49,793.59,795.37
2016-10-31,795.47,796.86,784.0,784.54
2016-11-01,782.89,789.49,775.54,783.61
2016-11-02,778.2,781.65,763.45,768.7
2016-11-03,767.25,769.95,759.03,762.13
2016-11-04,750.66,770.36,750.561,762.02
2016-11-07,774.5,785.19,772.55,782.52
2016-11-08,783.4,795.633,780.19,790.51
2016-11-09,779.94,791.227,771.67,785.31
2016-11-10,791.17,791.17,752.18,762.56
2016-11-11,756.54,760.78,750.38,754.02
2016-11-14,755.6,757.85,727.54,736.08
2016-11-15,746.97,764.416,746.97,758.49
2016-11-16,755.2,766.36,750.51,764.48
2016-11-17,766.92,772.7,764.23,771.23
2016-11-18,771.37,775.0,760.0,760.54
2016-11-21,762.61,769.7,760.6,769.2
2016-11-22,772.63,776.96,767.0,768.27
2016-11-23,767.73,768.283,755.25,760.99
2016-11-25,764.26,765.0,760.52,761.68
2016-11-28,760.0,779.53,759.8,768.24
2016-11-29,771.53,778.5,768.24,770.84
2016-11-30,770.07,772.99,754.83,758.04
2016-12-01,757.44,759.85,737.025,747.92
2016-12-02,744.59,754.0,743.1,750.5
2016-12-05,757.71,763.9,752.9,762.52
2016-12-06,764.73,768.83,757.34,759.11
2016-12-07,761.0,771.36,755.8,771.19
2016-12-08,772.48,778.18,767.23,776.42
2016-12-09,780.0,789.43,779.021,789.29
2016-12-12,785.04,791.25,784.355,789.27
2016-12-13,793.9,804.38,793.34,796.1
2016-12-14,797.4,804.0,794.01,797.07
2016-12-15,797.34,803.0,792.92,797.85
2016-12-16,800.4,800.856,790.29,790.8
2016-12-19,790.22,797.66,786.27,794.2
2016-12-20,796.76,798.65,793.27,796.42
2016-12-21,795.84,796.676,787.1,794.56
2016-12-22,792.36,793.32,788.58,791.26
2016-12-23,790.9,792.74,787.28,789.91
2016-12-27,790.68,797.86,787.657,791.55
2016-12-28,793.7,794.23,783.2,785.05
2016-12-29,783.33,785.93,778.92,782.79
2016-12-30,782.75,782.78,770.41,771.82
2017-01-03,778.81,789.63,775.8,786.14
2017-01-04,788.36,791.34,783.16,786.9
2017-01-05,786.08,794.48,785.02,794.02
2017-01-06,795.26,807.9,792.204,806.15
2017-01-09,806.4,809.966,802.83,806.65
2017-01-10,807.86,809.13,803.51,804.79
2017-01-11,805.0,808.15,801.37,807.91
2017-01-12,807.14,807.39,799.17,806.36
2017-01-13,807.48,811.224,806.69,807.88
2017-01-17,807.08,807.14,800.37,804.61
2017-01-18,805.81,806.205,800.99,806.07
2017-01-19,805.12,809.48,801.8,802.175
2017-01-20,806.91,806.91,801.69,805.02
2017-01-23,807.25,820.87,803.74,819.31
2017-01-24,822.3,825.9,817.821,823.87
2017-01-25,829.62,835.77,825.06,835.67
2017-01-26,837.81,838.0,827.01,832.15
2017-01-27,834.71,841.95,820.44,823.31
2017-01-30,814.66,815.84,799.8,802.32
2017-01-31,796.86,801.25,790.52,796.79
2017-02-01,799.68,801.19,791.19,795.695
2017-02-02,793.8,802.7,792.0,798.53
2017-02-03,802.99,806.0,800.37,801.49
2017-02-06,799.7,801.67,795.25,801.34
2017-02-07,803.99,810.5,801.78,806.97
2017-02-08,807.0,811.84,803.19,808.38
2017-02-09,809.51,810.66,804.54,809.56
2017-02-10,811.7,815.25,809.78,813.67
2017-02-13,816.0,820.959,815.49,819.24
2017-02-14,819.0,823.0,816.0,820.45
2017-02-15,819.36,823.0,818.47,818.98
2017-02-16,819.93,824.4,818.98,824.16
2017-02-17,823.02,828.07,821.655,828.07
2017-02-21,828.66,833.45,828.35,831.66
2017-02-22,828.66,833.25,828.64,830.76
2017-02-23,830.12,832.46,822.88,831.33
2017-02-24,827.73,829.0,824.2,828.64
2017-02-27,824.55,830.5,824.0,829.28
2017-02-28,825.61,828.54,820.2,823.21
2017-03-01,828.85,836.255,827.26,835.24
2017-03-02,833.85,834.51,829.64,830.63
2017-03-03,830.56,831.36,825.751,829.08
2017-03-06,826.95,828.88,822.4,827.78
2017-03-07,827.4,833.41,826.52,831.91
2017-03-08,833.51,838.15,831.79,835.37
2017-03-09,836.0,842.0,834.21,838.68
2017-03-10,843.28,844.91,839.5,843.25
2017-03-13,844.0,848.685,843.25,845.54
2017-03-14,843.64,847.24,840.8,845.62
2017-03-15,847.59,848.63,840.77,847.2
2017-03-16,849.03,850.85,846.13,848.78
2017-03-17,851.61,853.4,847.11,852.12
2017-03-20,850.01,850.22,845.15,848.4
2017-03-21,851.4,853.5,829.02,830.46
2017-03-22,831.91,835.55,827.18,829.59
2017-03-23,821.0,822.57,812.257,817.58
2017-03-24,820.08,821.93,808.89,814.43
2017-03-27,806.95,821.63,803.37,819.51
2017-03-28,820.41,825.99,814.027,820.92
2017-03-29,825.0,832.765,822.38,831.41
2017-03-30,833.5,833.68,829.0,831.5
2017-03-31,828.97,831.64,827.39,829.56
2017-04-03,829.22,840.85,829.22,838.55
2017-04-04,831.36,835.18,829.036,834.57
2017-04-05,835.51,842.45,830.72,831.41
2017-04-06,832.4,836.39,826.46,827.88
2017-04-07,827.96,828.485,820.513,824.67
2017-04-10,825.39,829.35,823.77,824.73
2017-04-11,824.71,827.427,817.02,823.35
2017-04-12,821.93,826.66,821.02,824.32
2017-04-13,822.14,826.38,821.44,823.56
2017-04-17,825.01,837.75,824.47,837.17
2017-04-18,834.22,838.93,832.71,836.82
2017-04-19,839.79,842.22,836.29,838.21
2017-04-20,841.44,845.2,839.32,841.65
2017-04-21,842.88,843.88,840.6,843.19
2017-04-24,851.2,863.45,849.86,862.76
2017-04-25,865.0,875.0,862.81,872.3
2017-04-26,874.23,876.05,867.748,871.73
2017-04-27,873.6,875.4,870.38,874.25
2017-04-28,910.66,916.85,905.77,905.96
2017-05-01,901.94,915.68,901.45,912.57
2017-05-02,909.62,920.77,909.453,916.44
2017-05-03,914.86,928.1,912.543,927.04
2017-05-04,926.07,935.93,924.59,931.66
2017-05-05,933.54,934.9,925.2,927.13
2017-05-08,926.12,936.925,925.26,934.3
2017-05-09,936.95,937.5,929.53,932.17
2017-05-10,931.98,932.0,925.16,928.78
2017-05-11,925.32,932.53,923.03,930.6
2017-05-12,931.53,933.44,927.85,932.22
2017-05-15,932.95,938.25,929.34,937.08
2017-05-16,940.0,943.11,937.58,943.0
2017-05-17,935.67,939.333,918.14,919.62
2017-05-18,921.0,933.17,918.75,930.24
2017-05-19,931.47,937.755,931.0,934.01
2017-05-22,935.0,941.883,935.0,941.86
2017-05-23,947.92,951.467,942.575,948.82
2017-05-24,952.98,955.09,949.5,954.96
2017-05-25,957.33,972.629,955.47,969.54
2017-05-26,969.7,974.98,965.03,971.47
2017-05-30,970.31,976.2,969.49,975.88
2017-05-31,975.02,979.27,960.18,964.86
2017-06-01,968.95,971.5,960.01,966.95
2017-06-02,969.46,975.88,966.0,975.6
2017-06-05,976.55,986.91,975.1,983.68
2017-06-06,983.16,988.25,975.14,976.57
2017-06-07,980.0,983.98,975.94,980.94
2017-06-08,982.35,984.57,977.2,983.41
2017-06-09,984.5,984.5,935.63,949.83
2017-06-12,939.56,949.355,915.233,942.9
2017-06-13,951.91,959.98,944.09,953.4
2017-06-14,959.92,961.15,942.25,950.76
2017-06-15,933.97,943.339,924.44,942.31
2017-06-16,940.0,942.04,931.595,939.78
2017-06-19,949.96,959.99,949.05,957.37
2017-06-20,957.52,961.62,950.01,950.63
2017-06-21,953.64,960.1,950.76,959.45
2017-06-22,958.7,960.72,954.55,957.09
2017-06-23,956.83,966.0,954.2,965.59
2017-06-26,969.9,973.31,950.79,952.27
2017-06-27,942.46,948.29,926.85,927.33
2017-06-28,929.0,942.75,916.0,940.49
2017-06-29,929.92,931.26,910.62,917.79
2017-06-30,926.05,926.05,908.31,908.73
2017-07-03,912.18,913.94,894.79,898.7
2017-07-05,901.76,914.51,898.5,911.71
2017-07-06,904.12,914.944,899.7,906.69
2017-07-07,908.85,921.54,908.85,918.59
2017-07-10,921.77,930.38,919.59,928.8
2017-07-11,929.54,931.43,922.0,930.09
2017-07-12,938.68,946.3,934.47,943.83
2017-07-13,946.29,954.45,943.01,947.16
2017-07-14,952.0,956.91,948.005,955.99
2017-07-17,957.0,960.74,949.241,953.42
2017-07-18,953.0,968.04,950.6,965.4
2017-07-19,967.84,973.04,964.03,970.89
2017-07-20,975.0,975.9,961.51,968.15
2017-07-21,962.25,973.23,960.15,972.92
2017-07-24,972.22,986.2,970.77,980.34
2017-07-25,953.81,959.7,945.4,950.7
2017-07-26,954.68,955.0,942.279,947.8
2017-07-27,951.78,951.78,920.0,934.09
2017-07-28,929.4,943.83,927.5,941.53
2017-07-31,941.89,943.59,926.04,930.5
2017-08-01,932.38,937.447,929.26,930.83
2017-08-02,928.61,932.6,916.68,930.39
2017-08-03,930.34,932.24,922.24,923.65
2017-08-04,926.75,930.307,923.03,927.96
2017-08-07,929.06,931.7,926.5,929.36
2017-08-08,927.09,935.814,925.61,926.79
2017-08-09,920.61,925.98,917.25,922.9
2017-08-10,917.55,919.26,906.13,907.24
2017-08-11,907.97,917.78,905.58,914.39
2017-08-14,922.53,924.668,918.19,922.67
2017-08-15,924.23,926.55,919.82,922.22
2017-08-16,925.29,932.7,923.445,926.96
2017-08-17,925.78,926.86,910.98,910.98
2017-08-18,910.31,915.275,907.154,910.67
2017-08-21,910.0,913.0,903.4,906.66
2017-08-22,912.72,925.86,911.475,924.69
2017-08-23,921.93,929.93,919.36,927.0
2017-08-24,928.66,930.84,915.5,921.28
2017-08-25,923.49,925.555,915.5,915.89
2017-08-28,916.0,919.245,911.87,913.81
2017-08-29,905.1,923.33,905.0,921.29
2017-08-30,920.05,930.819,919.65,929.57
2017-08-31,931.76,941.98,931.76,939.33
2017-09-01,941.13,942.48,935.15,937.34
2017-09-05,933.08,937.0,921.96,928.45
2017-09-06,930.15,930.915,919.27,927.81
2017-09-07,931.73,936.41,923.62,935.95
2017-09-08,936.49,936.99,924.88,926.5
2017-09-11,934.25,938.38,926.92,929.08
2017-09-12,932.59,933.48,923.861,932.07
2017-09-13,930.66,937.25,929.86,935.09
2017-09-14,931.25,932.77,924.0,925.11
2017-09-15,924.66,926.49,916.36,920.29
2017-09-18,920.01,922.08,910.6,915.0
2017-09-19,917.42,922.42,912.55,921.81
2017-09-20,922.98,933.88,922.0,931.58
2017-09-21,933.0,936.53,923.83,932.45
2017-09-22,927.75,934.73,926.48,928.53
2017-09-25,925.45,926.4,909.7,920.97
2017-09-26,923.72,930.82,921.14,924.86
2017-09-27,927.74,949.9,927.74,944.49
2017-09-28,941.36,950.69,940.55,949.5
2017-09-29,952.0,959.786,951.51,959.11
2017-10-02,959.98,962.54,947.84,953.27
2017-10-03,954.0,958.0,949.14,957.79
2017-10-04,957.0,960.39,950.69,951.68
2017-10-05,955.49,970.91,955.18,969.96
2017-10-06,966.7,979.46,963.36,978.89
2017-10-09,980.0,985.425,976.11,977.0
2017-10-10,980.0,981.57,966.08,972.6
2017-10-11,973.72,990.71,972.25,989.25
2017-10-12,987.45,994.12,985.0,987.83
2017-10-13,992.0,997.21,989.0,989.68
2017-10-16,992.1,993.907,984.0,992.0
2017-10-17,990.29,996.44,988.59,992.18
2017-10-18,991.77,996.72,986.975,992.81
2017-10-19,986.0,988.88,978.39,984.45
2017-10-20,989.44,991.0,984.58,988.2
2017-10-23,989.52,989.52,966.12,968.45
2017-10-24,970.0,972.23,961.0,970.54
2017-10-25,968.37,976.09,960.52,973.33
2017-10-26,980.0,987.6,972.2,972.56
2017-10-27,1009.19,1048.39,1008.2,1019.27
2017-10-30,1014.0,1024.97,1007.5,1017.11
2017-10-31,1015.22,1024.0,1010.42,1016.64
2017-11-01,1017.21,1029.67,1016.95,1025.5
2017-11-02,1021.76,1028.09,1013.01,1025.58
2017-11-03,1022.11,1032.65,1020.31,1032.48
2017-11-06,1028.99,1034.87,1025.0,1025.9
2017-11-07,1027.27,1033.97,1025.13,1033.33
2017-11-08,1030.52,1043.522,1028.45,1039.85
2017-11-09,1033.99,1033.99,1019.666,1031.26
2017-11-10,1026.46,1030.76,1025.28,1028.07
2017-11-13,1023.42,1031.58,1022.57,1025.75
2017-11-14,1022.59,1026.81,1014.15,1026.0
2017-11-15,1019.21,1024.09,1015.42,1020.91
2017-11-16,1022.52,1035.92,1022.52,1032.5
2017-11-17,1034.01,1034.42,1017.75,1019.09
2017-11-20,1020.26,1022.61,1017.5,1018.38
2017-11-21,1023.31,1035.11,1022.655,1034.49
2017-11-22,1035.0,1039.706,1031.43,1035.96
2017-11-24,1035.87,1043.178,1035.0,1040.61
2017-11-27,1040.0,1055.46,1038.44,1054.21
2017-11-28,1055.09,1062.375,1040.0,1047.41
2017-11-29,1042.68,1044.08,1015.65,1021.66
2017-11-30,1022.37,1028.49,1015.0,1021.41
2017-12-01,1015.8,1022.49,1002.02,1010.17
2017-12-04,1012.66,1016.1,995.57,998.68
2017-12-05,995.94,1020.61,988.28,1005.15
2017-12-06,1001.5,1024.97,1001.14,1018.38
2017-12-07,1020.43,1034.24,1018.071,1030.93
2017-12-08,1037.49,1042.05,1032.522,1037.05
2017-12-11,1035.5,1043.8,1032.05,1041.1
2017-12-12,1039.63,1050.31,1033.69,1040.48
2017-12-13,1046.12,1046.665,1038.38,1040.61
2017-12-14,1045.0,1058.5,1043.11,1049.15
2017-12-15,1054.61,1067.62,1049.5,1064.19
2017-12-18,1066.08,1078.49,1062.0,1077.14
2017-12-19,1075.2,1076.84,1063.55,1070.68
2017-12-20,1071.78,1073.38,1061.52,1064.95
2017-12-21,1064.95,1069.33,1061.794,1063.63
2017-12-22,1061.11,1064.2,1059.44,1060.12
2017-12-26,1058.07,1060.12,1050.2,1056.74
2017-12-27,1057.39,1058.37,1048.05,1049.37
2017-12-28,1051.6,1054.75,1044.77,1048.14
2017-12-29,1046.72,1049.7,1044.9,1046.4
