<?xml version="1.0" encoding="UTF-8"?>
<!--
	/*
 * Copyright 2001-2008 The Apache Software Foundation.
 * 
 * Licensed under the Apache License, Version 2.0 (the "License");
 * you may not use this file except in compliance with the License.
 * You may obtain a copy of the License at
 * 
 *      http://www.apache.org/licenses/LICENSE-2.0
 * 
 * Unless required by applicable law or agreed to in writing, software
 * distributed under the License is distributed on an "AS IS" BASIS,
 * WITHOUT WARRANTIES OR CONDITIONS OF ANY KIND, either express or implied.
 * See the License for the specific language governing permissions and
 * limitations under the License.
 *
 */
-->
<!DOCTYPE jboss-web PUBLIC 
	"-//JBoss//DTD Web Application 2.3V2//EN"
    "http://www.jboss.org/j2ee/dtd/jboss-web_3_2.dtd">

<jboss-web>

    <resource-ref>
        <res-ref-name>jdbc/DefaultDS</res-ref-name>
        <jndi-name>java:/DefaultDS</jndi-name>
    </resource-ref>
    <depends>jboss.jdbc:datasource=DefaultDS,service=metadata</depends>

</jboss-web>
