Collection,Marketin_expense,Production_expense,Multiplex_coverage,Budget,Movie_length,Lead_ Actor_Rating,Lead_Actress_rating,Director_rating,Producer_rating,Critic_rating,Trailer_views,Time_taken,Twitter_hastags,Genre,Avg_age_actors,MPAA_film_rating,Num_multiplex,3D_available
48000,20.1264,59.62,0.462,36524.125,138.7,7.825,8.095,7.91,7.995,7.94,527367,109.6,223.84,Thriller,23,PG,494,YES
43200,20.5462,69.14,0.531,35668.655,152.4,7.505,7.65,7.44,7.47,7.44,494055,146.64,243.456,Drama,42,PG,462,NO
69400,20.5458,69.14,0.531,39912.675,134.6,7.485,7.57,7.495,7.515,7.44,547051,147.88,2022.4,Comedy,38,PG,458,NO
66800,20.6474,59.36,0.542,38873.89,119.3,6.895,7.035,6.92,7.02,8.26,516279,185.36,225.344,Drama,45,PG,472,YES
72400,21.381,59.36,0.542,39701.585,127.7,6.92,7.07,6.815,7.07,8.26,531448,176.48,225.792,Drama,55,PG,395,NO
57400,20.597,59.36,0.542,35718.65,132.2,6.89,7.1,6.885,7.005,7.26,498425,143.48,284.592,Comedy,53,PG,460,YES
45800,21.7658,70.74,0.476,33396.66,140.1,7.065,7.265,7.15,7.4,8.96,459241,139.16,243.664,Thriller,41,PG,522,YES
44200,22.891,70.74,0.476,34285.46,169.6,6.98,7.075,6.875,7.17,7.96,400821,116.84,243.536,Drama,56,PG,571,NO
33000,24.2248,70.74,0.476,31280.205,173.5,6.91,7.075,6.85,7,7.96,295168,118.6,242.64,Comedy,55,PG,564,YES
37800,23.4008,70.74,0.476,33352.22,159.4,6.665,6.725,6.575,6.855,7.96,412012,189.56,283.024,Thriller,45,PG,508,YES
30000,24.4978,70.74,0.476,35424.235,167.8,6.675,6.845,6.725,7.06,8.96,369595,120,222.4,Drama,29,PG,578,NO
37800,22.3494,70.74,0.476,33379.995,156.4,6.865,7.035,6.745,6.905,8.96,451646,185.56,263.024,Action,23,PG,553,NO
43400,21.8756,70.74,0.476,32713.395,112.5,7.12,7.43,7.21,7.335,8.96,407557,110.68,203.472,Action,57,PG,575,YES
40800,32.5952,71.28,0.462,33046.695,135.3,7.64,7.705,7.535,7.705,6.8,472490,118.16,283.264,Comedy,39,PG,535,YES
36400,32.7592,71.28,0.462,33863.28,158,7.7,7.9,7.76,7.71,7.8,495311,139.28,262.912,Comedy,49,PG,599,NO
39800,32.5478,71.28,0.462,32407.87,130,7.7,7.825,7.64,7.84,6.8,497626,169.96,283.184,Thriller,28,PG,598,YES
46200,41.0786,71.28,0.462,32968.925,102.8,7.67,7.805,7.74,7.785,7.8,532331,109.24,203.696,Comedy,46,PG,547,NO
35000,35.684,71.28,0.462,33274.45,155.2,7.72,7.925,7.82,8.015,6.8,431225,109,222.8,Drama,56,PG,548,NO
40400,36.0542,71.28,0.462,30308.08,110.1,8.1,8.24,8.07,8,6.8,448317,170.08,243.232,Action,41,PG,543,YES
36400,34.516,71.28,0.462,31813.485,143,8.01,8.175,8,8.215,7.8,463328,171.28,242.912,Action,27,PG,578,NO
27200,45.0358,71.28,0.462,30941.35,171.6,8.035,8.205,7.955,8.21,7.8,371051,,302.176,Action,44,PG,484,YES
39200,37.0408,71.28,0.462,33135.575,162.7,7.945,8.14,7.83,8.06,7.8,457361,183.84,283.136,Comedy,23,PG,541,YES
30400,44.6494,71.28,0.462,34118.81,165.2,7.91,8.01,7.845,8.275,6.8,387496,116.08,282.432,Thriller,48,PG,575,YES
29000,39.7686,71.28,0.462,32291.215,173.5,7.825,8.01,7.935,8.04,7.8,365213,149.8,262.32,Drama,29,PG,527,YES
31200,35.0052,71.28,0.462,32907.82,167.6,7.655,7.965,7.64,7.94,7.8,414145,164.24,262.496,Drama,27,PG,502,YES
27800,36.8108,71.28,0.462,31102.445,159.2,7.655,7.835,7.64,7.96,7.8,422375,187.56,262.224,Thriller,35,PG,516,YES
33200,33.4382,71.28,0.462,32291.215,163.8,7.53,7.705,7.645,7.755,6.8,436807,194.64,242.656,Drama,59,PG,476,NO
29600,39.1154,71.28,0.462,33591.085,162.3,7.75,7.8,7.7,7.845,6.8,406866,173.92,262.368,Drama,20,PG,488,YES
36800,35.4598,71.28,0.462,36079.725,167.9,7.715,7.825,7.655,7.895,7.8,455480,119.36,302.944,Thriller,35,PG,544,YES
42000,40.049,71.28,0.462,37074.07,160.8,7.735,8.03,7.82,7.935,6.8,466851,180.4,243.36,Thriller,50,PG,488,NO
25400,42.6162,71.28,0.462,31735.715,167.6,7.74,7.91,7.815,8.07,6.8,350102,197.08,242.032,Drama,34,PG,586,NO
29000,47.0944,71.28,0.462,33729.96,173.5,7.805,7.97,7.76,8.115,6.8,436306,185.8,242.32,Comedy,23,PG,523,YES
26400,47.7598,71.28,0.462,33052.25,155.5,7.995,8.07,7.845,8.105,7.8,299587,175.28,282.112,Thriller,25,PG,533,NO
26200,43.0344,71.28,0.462,31669.055,168.5,8.1,8.165,8.02,8.14,7.8,394967,167.24,302.096,Comedy,25,PG,571,YES
27000,52.2564,71.28,0.462,33863.28,170.4,7.965,8.17,8.065,8.28,6.8,377048,193.4,222.16,Comedy,40,PG,497,YES
37800,21.2834,66.92,0.501,32957.815,141.7,8.155,8.365,8.23,8.53,7.16,475977,189.56,223.024,Thriller,43,PG,530,YES
40000,21.9488,66.92,0.501,32446.755,134.9,8.305,8.36,8.19,8.39,8.16,474433,150,303.2,Comedy,39,PG,454,NO
42000,21.6028,66.92,0.501,32496.75,115,8.01,8.125,7.94,8.055,7.16,482433,162.4,203.36,Thriller,21,PG,510,YES
48400,23.501,66.92,0.501,33141.13,103.7,7.925,8.17,7.98,8.23,7.16,498052,163.68,203.872,Thriller,21,PG,484,YES
61600,20.5526,60.9,0.572,36635.225,95.3,7.175,7.325,7.225,7.475,8.34,553070,138.32,244.928,Thriller,49,PG,451,YES
69800,20.6718,60.9,0.572,39018.32,89.3,7.185,7.345,7.235,7.43,8.34,567784,123.96,305.584,Thriller,20,PG,428,YES
53200,22.5488,68.82,0.552,37607.35,76.4,7.115,7.14,7,7.3,7.42,512492,154.64,264.256,Action,30,PG,495,NO
50600,22.83,68.82,0.552,34268.795,80.1,7.035,7.27,7.06,7.19,7.42,526836,162.12,304.048,Thriller,52,PG,419,NO
49400,23.1872,68.82,0.552,34502.105,80,6.98,7.17,7.08,7.33,8.42,473146,121.88,303.952,Thriller,56,PG,449,YES
42400,22.4538,68.82,0.552,33713.295,113.5,7.095,7.245,7.05,7.165,8.42,471960,180.48,243.392,Thriller,53,PG,400,NO
38600,23.4284,68.82,0.552,31563.51,107.3,7.385,7.525,7.395,7.49,8.42,470466,161.72,223.088,Thriller,21,PG,445,NO
40000,23.7672,68.82,0.552,32141.23,106.8,7.375,7.5,7.3,7.625,8.42,445250,186,243.2,Drama,39,PG,455,YES
33200,24.5854,68.82,0.552,33496.65,159,7.085,7.18,7.125,7.23,7.42,374797,106.64,242.656,Thriller,44,PG,526,YES
28800,25.0774,68.82,0.552,29991.445,168.8,7.01,7.16,7.02,7.07,8.42,264112,141.76,282.304,Comedy,34,PG,427,NO
38800,24.3954,68.82,0.552,31119.11,135.5,6.945,7.05,6.85,6.98,7.42,422013,119.76,263.104,Action,45,PG,507,NO
39400,21.7746,66.28,0.561,33124.465,119.2,6.46,6.725,6.5,6.685,7.64,442225,0,223.152,Thriller,21,PG,404,YES
41000,20.8674,66.28,0.561,33968.825,136.5,6.48,6.63,6.46,6.795,8.64,502413,140.2,223.28,Drama,30,PG,473,YES
50000,21.072,66.28,0.561,36168.605,94.6,6.49,6.62,6.44,6.815,8.64,504792,198,284,Thriller,56,PG,462,NO
46800,20.9962,66.28,0.561,33318.89,94.9,6.555,6.74,6.565,6.51,8.64,496877,183.36,223.744,Thriller,41,PG,416,NO
37800,20.272,63,0.59,32707.84,121.1,6.3,6.365,6.2,6.5,6.78,410055,173.56,303.024,Comedy,55,PG,387,YES
70800,20.2622,57.44,0.597,40268.195,95.4,5.55,5.795,5.605,5.655,8.42,512329,150.16,265.664,Thriller,50,PG,480,YES
49400,20.411,56.48,0.59,35457.565,109.2,5.34,5.535,5.285,5.465,8.54,539589,115.88,303.952,Drama,22,PG,383,YES
63200,20.2864,57.64,0.589,37862.88,114,5.685,5.86,5.815,5.99,8.98,512129,148.64,305.056,Drama,45,PG,426,YES
46600,23.089,65.26,0.547,34135.475,102.7,6.01,6.115,5.965,6.28,7.06,480067,,283.728,Comedy,22,PG,438,NO
39200,22.0656,65.26,0.547,32924.485,120.7,6.37,6.66,6.45,6.66,7.06,467075,123.84,283.136,Comedy,20,PG,460,YES
37400,22.9864,65.26,0.547,31891.255,139.7,6.335,6.42,6.235,6.56,7.06,465689,,222.992,Thriller,30,PG,439,NO
32000,23.4342,65.26,0.547,33141.13,166.9,6.58,6.665,6.46,6.655,7.06,430178,124.4,302.56,Thriller,48,PG,387,NO
44400,22.2054,65.26,0.547,35863.08,141.3,6.225,6.46,6.285,6.58,7.06,525189,116.88,203.552,Comedy,56,PG,434,YES
50000,22.53,65.26,0.547,37562.91,116.9,5.885,6.155,5.95,6.045,8.06,469499,118,264,Action,28,PG,470,YES
66000,20.3902,57.76,0.5839,39462.72,133,5.28,5.455,5.315,5.505,7.28,477265,165.2,205.28,Action,30,PG,390,YES
47000,20.7168,61.74,0.602,34940.95,91.3,6.69,6.785,6.575,6.725,8.78,545499,189.4,243.76,Thriller,20,PG,375,NO
38800,20.8758,61.74,0.602,32146.785,104.6,6.65,6.78,6.58,6.77,8.78,465605,179.76,223.104,Action,44,PG,479,NO
44000,21.1578,67.14,0.591,32652.29,94.9,6.68,6.8,6.74,6.785,8.22,493569,142.8,263.52,Thriller,29,PG,406,YES
34800,22.7108,67.14,0.591,31074.67,110.3,6.745,6.915,6.73,6.615,8.22,461313,176.96,302.784,Thriller,40,PG,485,NO
41800,22.5632,67.14,0.591,32691.175,106.5,6.725,6.805,6.7,6.77,7.22,499656,166.36,223.344,Drama,56,PG,384,NO
48400,21.7652,76.62,0.587,35646.435,80.1,7.24,7.465,7.205,7.52,7.16,501152,195.68,283.872,Thriller,38,PG,410,YES
43400,23.1752,76.62,0.587,33113.355,91,7.28,7.4,7.29,7.455,8.16,491978,200.68,263.472,Action,46,PG,400,NO
45600,21.8328,76.62,0.587,33691.075,81.3,7.27,7.52,7.195,7.44,7.16,500290,117.12,203.648,Thriller,20,PG,361,NO
46800,23.9078,76.62,0.587,34690.975,79.7,7.32,7.385,7.25,7.47,8.16,493124,119.36,243.744,Drama,45,PG,434,YES
48200,21.5792,80.66,0.563,34846.515,79.5,7.73,8.025,7.715,8.025,7.26,488560,157.64,203.856,Thriller,40,PG,389,NO
42800,21.9024,80.66,0.563,34918.73,118.5,7.585,7.75,7.585,8.07,8.26,496661,120.56,203.424,Comedy,28,PG,382,NO
40000,22.0306,80.66,0.563,34879.845,148,7.835,8.14,7.87,8.05,8.26,478283,146,243.2,Comedy,22,PG,453,NO
41600,21.7414,80.66,0.563,34107.7,119.3,7.84,7.97,7.87,8.14,7.26,490040,118.32,223.328,Thriller,57,PG,419,YES
42400,21.1292,80.66,0.563,34618.76,127.2,7.33,7.5,7.45,7.69,8.26,447528,176.48,303.392,Drama,53,PG,377,YES
40600,21.6774,80.66,0.563,32630.07,110.1,7.735,7.885,7.59,7.785,8.26,467670,128.12,303.248,Action,37,PG,472,NO
56000,20.8226,64.72,0.574,37368.485,107,7.25,7.36,7.3,7.29,8.2,499995,129.2,284.48,Drama,54,PG,374,YES
47800,20.8924,64.72,0.574,36768.545,143.9,7.145,7.445,7.145,7.46,7.2,510436,111.56,243.824,Drama,49,PG,501,YES
49600,20.7318,64.72,0.574,35007.61,105.7,7.235,7.405,7.265,7.29,8.2,492574,121.92,203.968,Thriller,20,PG,469,NO
45800,20.7102,64.72,0.574,34257.685,120.2,7.24,7.41,7.165,7.385,7.2,485743,151.16,203.664,Drama,34,PG,405,YES
47800,21.0118,63.98,0.551,35490.895,121.5,7.515,7.645,7.505,7.775,7.3,454277,133.56,283.824,Drama,23,PG,422,NO
53200,21.147,63.98,0.551,36829.65,129.6,7.625,7.925,7.755,7.815,8.3,495454,194.64,244.256,Thriller,56,PG,521,NO
45000,21.0376,63.98,0.551,33413.325,118.6,7.69,7.92,7.755,7.78,7.3,436753,119,223.6,Thriller,50,PG,472,YES
44400,21.4302,63.98,0.551,34002.155,130.3,8.035,8.13,8.08,8.26,8.3,489563,144.88,243.552,Comedy,43,PG,510,YES
47200,21.132,61.82,0.511,38923.885,159.8,8.25,8.455,8.28,8.175,8.44,509357,139.44,203.776,Thriller,28,PG,456,NO
57400,21.0604,61.82,0.511,39323.845,136.6,8.17,8.31,8.135,8.555,8.44,515362,151.48,304.592,Comedy,31,PG,478,YES
45200,20.9368,61.82,0.511,35646.435,139.6,8.43,8.535,8.425,8.425,8.44,503147,147.04,303.616,Drama,58,PG,424,YES
44000,20.7864,61.82,0.511,35579.775,147.4,8.42,8.525,8.295,8.575,7.44,496193,164.8,263.52,Thriller,23,PG,451,NO
45800,20.8406,85.08,0.536,35785.31,127.1,8.02,8.295,8.015,8.34,8.36,489837,183.16,283.664,Drama,60,PG,518,NO
50000,20.575,85.08,0.536,34502.105,102.4,8.04,8.225,8.095,8.305,8.36,508101,206,284,Action,46,PG,492,NO
41200,20.8588,85.08,0.536,34713.195,150.8,8.095,8.33,8.04,8.305,8.36,468556,114.24,263.296,Action,54,PG,465,NO
56800,22.4408,60.78,0.555,36801.875,131.3,8.215,8.385,8.12,8.29,7.4,489220,199.36,284.544,Thriller,46,PG,467,NO
42800,22.3008,60.78,0.555,34235.465,143.1,8.21,8.325,8.23,8.245,8.4,467769,204.56,243.424,Thriller,21,PG,463,NO
77400,22.4166,60.78,0.555,44823.295,149.5,8.15,8.34,8.215,8.305,7.4,543618,125.48,246.192,Thriller,53,PG,413,YES
87600,21.6374,60.78,0.555,43440.1,110.4,8.23,8.29,8.2,8.285,7.4,544945,217.52,207.008,Action,25,PG,512,YES
66400,21.372,60.78,0.555,41195.88,136,8.085,8.32,8.165,8.435,8.4,484613,131.28,265.312,Thriller,31,PG,510,NO
55000,22.9732,72.12,0.48,37368.485,153.4,8.45,8.66,8.595,8.74,6.82,471052,193,304.4,Drama,24,PG,470,YES
53000,22.2864,72.12,0.48,37668.455,144.8,8.425,8.63,8.44,8.79,7.82,491484,144.6,204.24,Thriller,58,PG,445,YES
37200,24.5752,72.12,0.48,35579.775,158.9,8.485,8.725,8.635,8.725,7.82,457364,135.44,262.976,Action,57,PG,544,NO
38600,24.2322,72.12,0.48,34091.035,160.9,8.515,8.79,8.56,8.71,7.82,443252,137.72,283.088,Comedy,36,PG,555,YES
40200,22.792,72.12,0.48,34257.685,163.5,8.685,8.875,8.66,8.935,6.82,432081,,203.216,Comedy,20,PG,458,YES
39000,22.6524,72.12,0.48,32502.305,170.2,8.905,9.025,8.935,8.925,6.82,430817,,263.12,Comedy,57,PG,515,YES
39000,23.424,72.12,0.48,32418.98,165.4,8.815,8.965,8.76,9.04,6.82,405008,205.8,283.12,Drama,20,PG,482,YES
40800,22.6234,72.12,0.48,34035.485,158.7,8.825,9.025,8.915,8.99,6.82,442160,120.16,283.264,Action,57,PG,517,YES
39600,22.5604,72.12,0.48,35963.07,170.6,8.64,8.91,8.73,8.85,7.82,473768,171.92,203.168,Action,48,PG,502,NO
38800,25.2726,72.12,0.48,34602.095,164.7,8.715,8.86,8.56,8.775,6.82,437611,195.76,283.104,Comedy,41,PG,555,YES
43400,22.1586,72.12,0.48,34413.225,127.9,8.475,8.7,8.48,8.79,7.82,423752,138.68,203.472,Comedy,37,PG,453,YES
45600,22.0168,75.02,0.453,37301.825,155.1,8.595,8.685,8.5,8.87,8.44,495560,113.12,263.648,Thriller,34,PG,544,YES
37600,22.4658,75.02,0.453,32846.715,166.4,8.725,8.885,8.72,8.965,7.44,394329,0,303.008,Thriller,35,PG,577,YES
37400,24.4424,75.02,0.453,33841.06,168.9,8.705,8.875,8.725,8.6,8.44,405200,201.48,202.992,Thriller,59,PG,604,YES
37000,22.8462,75.02,0.453,34740.97,157.7,8.73,8.93,8.855,8.975,8.44,446050,133.4,242.96,Action,39,PG,570,NO
36600,23.4268,75.02,0.453,32930.04,161.7,8.72,8.795,8.64,8.92,7.44,415458,151.32,222.928,Comedy,24,PG,539,NO
42400,22.6316,75.02,0.453,34307.68,146,8.535,8.645,8.5,8.86,8.44,432696,130.48,263.392,Comedy,23,PG,528,NO
38400,23.0196,75.02,0.453,33446.655,156.1,8.615,8.755,8.54,8.595,7.44,454755,189.68,303.072,Action,28,PG,609,NO
40800,22.6116,75.02,0.453,32618.96,146.6,8.6,8.865,8.69,8.89,7.44,410730,160.16,283.264,Thriller,40,PG,566,YES
38600,22.8952,75.02,0.453,31835.705,138.7,8.52,8.74,8.54,8.685,8.44,463019,203.72,223.088,Thriller,20,PG,530,YES
44000,21.3798,106.3,0.419,32607.85,143.2,8.8,8.92,8.735,9.03,7.18,455844,156.8,203.52,Thriller,23,PG,570,YES
40600,21.433,106.3,0.419,33352.22,157.6,8.78,9.02,8.815,8.99,8.18,454602,194.12,203.248,Action,39,PG,568,YES
41000,21.8598,106.3,0.419,33113.355,166.4,8.83,9.075,8.865,9.05,8.18,388265,178.2,203.28,Comedy,51,PG,608,YES
34600,23.0076,106.3,0.419,32530.08,170.5,8.89,9.09,8.965,9.165,8.18,334417,182.92,202.768,Drama,51,PG,524,YES
37600,21.9698,106.3,0.419,32657.845,169.3,8.895,9.13,8.9,9.06,8.18,395312,125.52,263.008,Thriller,56,PG,622,NO
42800,23.3804,106.3,0.419,33252.23,161.9,8.935,9.075,8.855,9.155,7.18,443766,162.56,283.424,Drama,22,PG,608,YES
31400,27.747,106.3,0.419,31180.215,169.1,9.035,9.24,9.1,9.115,8.18,303828,154.28,202.512,Drama,42,PG,635,NO
32400,25.183,98.78,0.376,31624.615,169.5,8.955,9.135,9.08,9.255,6.76,391198,118.48,302.592,Comedy,31,PG,567,YES
36000,26.5086,98.78,0.376,35724.205,172.3,9.02,9.195,9.04,9.115,7.76,444896,163.2,282.88,Comedy,41,PG,564,NO
28600,37.625,98.78,0.376,31313.535,168.2,8.85,9.06,8.95,9.175,6.76,406685,157.72,202.288,Drama,30,PG,581,YES
38400,26.8012,98.78,0.376,35874.19,172.4,8.815,9.035,8.82,9.095,6.76,466796,179.68,263.072,Comedy,25,PG,663,YES
39200,43.8588,98.78,0.376,35140.93,171.2,8.73,8.985,8.79,8.955,6.76,438063,151.84,243.136,Comedy,29,PG,559,YES
46000,31.801,98.78,0.376,35396.46,171.4,8.795,8.92,8.8,8.83,6.76,456491,179.2,243.68,Action,57,PG,550,YES
36800,26.5964,98.78,0.376,32341.21,168.9,8.635,8.79,8.735,8.895,7.76,426316,205.36,202.944,Action,58,PG,617,YES
31200,39.5234,98.78,0.376,31980.135,171.9,8.825,8.86,8.735,8.885,6.76,402396,180.24,222.496,Action,32,PG,646,NO
36200,31.1556,98.78,0.376,35190.925,171.7,8.89,8.965,8.84,9.085,6.76,411162,157.24,222.896,Thriller,37,PG,663,YES
34800,26.4528,98.78,0.376,33007.81,167,8.87,9.08,8.91,9.205,6.76,394365,202.96,202.784,Thriller,37,PG,622,NO
34200,27.0466,98.78,0.376,35851.97,171.9,8.925,9.235,8.915,9.225,7.76,442884,138.84,222.736,Comedy,40,PG,674,YES
26600,24.996,98.78,0.376,32535.635,171.7,9.055,9.295,9.08,9.235,6.76,380380,161.32,282.128,Thriller,39,PG,593,NO
35600,30.8904,98.78,0.376,34168.805,171.4,9.045,9.205,9.16,9.255,7.76,411330,173.12,202.848,Drama,29,PG,592,YES
28000,25.818,98.78,0.376,34296.57,167.1,9.07,9.23,9.065,9.41,6.76,354960,113.6,202.24,Drama,28,PG,570,NO
28800,52.5728,98.78,0.376,27880.545,173.5,9.185,9.34,9.145,9.45,7.76,233100,199.76,242.304,Comedy,43,PG,561,YES
26800,86.421,94.16,0.129,30013.665,173.5,9.33,9.48,9.18,9.365,9.06,329378,105.36,262.144,Thriller,42,PG,807,YES
31200,101.948,94.16,0.129,30374.74,173.5,9.18,9.4,9.21,9.385,9.06,308802,146.24,262.496,Comedy,25,PG,793,YES
23600,75.5948,94.16,0.129,27236.165,171.3,9.26,9.46,9.225,9.365,8.06,294970,132.72,261.888,Thriller,52,PG,795,YES
27600,67.5868,94.16,0.129,34052.15,173.5,9.155,9.37,9.14,9.495,8.06,305675,155.52,202.208,Thriller,59,PG,846,YES
31200,63.101,94.16,0.129,31263.54,173.5,9.09,9.255,9.155,9.47,8.06,399297,112.24,202.496,Thriller,32,PG,760,YES
29200,67.3724,94.16,0.129,27363.93,169.2,9.115,9.32,9.17,9.475,9.06,286266,137.84,222.336,Comedy,24,PG,800,NO
35600,66.6198,94.16,0.129,28808.23,167.3,9.21,9.385,9.2,9.14,8.06,309356,197.12,282.848,Drama,43,PG,838,NO
30800,74.6794,94.16,0.129,31091.335,168.4,9.12,9.39,9.205,9.24,8.06,347105,202.16,302.464,Comedy,48,PG,759,NO
43000,53.132,94.16,0.129,34007.71,170.8,9.175,9.24,9.035,9.315,8.06,428936,110.6,243.44,Thriller,34,PG,831,NO
39200,49.9264,94.16,0.129,30019.22,173.5,9.07,9.27,9.115,9.365,8.06,466687,129.84,223.136,Thriller,42,PG,754,NO
30600,42.5316,94.16,0.129,27841.66,161.5,9.09,9.22,9.05,9.42,9.06,455196,108.12,202.448,Comedy,46,PG,851,YES
38800,62.9836,94.16,0.129,31713.495,172,9.11,9.32,9.05,9.275,8.06,411772,121.76,243.104,Comedy,58,PG,840,NO
34000,48.277,94.16,0.129,34046.595,169.5,9.115,9.265,9.015,9.11,9.06,440004,148.8,302.72,Action,48,PG,806,NO
31200,90.7002,94.16,0.129,34174.36,156.1,9.06,9.275,9.04,9.13,9.06,432078,198.24,222.496,Thriller,37,PG,868,NO
26200,68.9336,94.16,0.129,29285.96,167.5,9.005,9.145,9.075,9.305,8.06,426057,127.24,202.096,Thriller,60,PG,749,NO
82600,44.4716,94.16,0.395,38568.365,170.9,9.005,9.12,9.04,9.08,9.06,501350,164.52,266.608,Comedy,57,PG,549,YES
48600,46.8568,94.16,0.395,33696.63,173.5,9.02,9.23,9.05,9.185,8.06,483363,177.72,263.888,Thriller,46,PG,556,NO
46600,48.5004,94.16,0.129,36163.05,173.5,9.08,9.155,9.01,9.22,9.06,475753,143.32,243.728,Drama,36,PG,765,YES
54000,45.4692,94.16,0.395,34718.75,166.1,9.07,9.24,9.06,9.03,9.06,540041,168.8,244.32,Drama,23,PG,519,YES
100000,49.2672,94.16,0.395,41601.395,164.3,8.915,9.055,8.935,9.155,8.06,539697,210,228,Comedy,35,PG,539,YES
100000,56.6754,94.16,0.395,43340.11,171.7,8.87,9.12,8.945,8.98,8.06,531084,168,248,Drama,22,PG,557,YES
100000,50.3804,94.16,0.395,46523.125,167.4,8.87,9.03,8.8,8.975,9.06,561132,160,248,Thriller,57,PG,603,YES
45400,64.8472,94.16,0.395,32518.97,165.3,8.645,8.805,8.755,8.95,9.06,467883,167.08,303.632,Drama,56,PG,659,YES
50000,78.48,94.16,0.395,33891.055,166.5,8.815,8.86,8.705,9.055,8.06,471586,200,244,Thriller,22,PG,533,YES
100000,60.2038,94.16,0.395,44045.595,169.7,8.945,9.045,8.845,9.07,9.06,517904,166,308,Thriller,37,PG,522,YES
47600,56.0056,94.16,0.395,32646.735,152.7,8.655,8.895,8.71,8.89,8.06,468741,201.52,203.808,Drama,22,PG,549,YES
47600,66.008,94.16,0.395,35102.045,169.6,8.855,8.98,8.88,9.085,8.06,473988,133.52,223.808,Comedy,23,PG,663,NO
44600,68.9906,94.16,0.395,35563.11,168.7,8.85,8.94,8.835,8.85,8.06,449755,110.92,303.568,Action,22,PG,536,NO
34800,44.1484,94.16,0.395,32635.625,168.1,8.65,8.79,8.64,9.07,9.06,438703,158.96,222.784,Drama,28,PG,606,NO
38200,66.278,94.16,0.395,32663.4,170.8,8.69,8.82,8.725,8.985,8.06,470298,195.64,243.056,Thriller,54,PG,575,NO
46200,22.7828,63.1,0.49,30952.46,162,8.65,8.73,8.635,8.79,7.68,415584,187.24,243.696,Thriller,38,PG,530,NO
47200,21.8356,63.1,0.49,35640.88,157.6,8.57,8.715,8.615,8.805,7.68,467457,197.44,203.776,Comedy,59,PG,540,YES
45200,21.6894,63.1,0.49,32546.745,142.2,8.58,8.65,8.485,8.88,7.68,480435,195.04,303.616,Thriller,35,PG,530,YES
58800,21.3328,63.1,0.49,36363.03,106.6,8.39,8.545,8.395,8.41,7.68,500067,123.76,244.704,Comedy,48,PG,509,YES
46400,21.4044,63.1,0.49,33441.1,120.7,8.125,8.295,8.11,8.36,7.68,491916,171.28,303.712,Drama,49,PG,520,YES
49200,21.085,63.1,0.49,35079.825,146.9,8.325,8.36,8.295,8.38,8.68,487150,141.84,283.936,Drama,31,PG,474,YES
59800,21.3284,63.1,0.49,38107.3,147.9,8.405,8.625,8.395,8.75,7.68,513390,117.96,224.784,Comedy,28,PG,548,NO
74400,21.156,59.92,0.512,38773.9,131.9,8.445,8.725,8.58,8.59,8.44,505742,194.88,225.952,Drama,50,PG,456,NO
79600,21.3176,59.92,0.512,43134.575,156.8,8.51,8.67,8.52,8.82,7.44,515276,169.92,286.368,Action,60,PG,466,YES
72400,21.3776,59.92,0.512,34129.92,135.7,8.655,8.805,8.605,8.74,7.44,461876,132.48,305.792,Thriller,59,PG,561,YES
75800,21.8206,59.92,0.512,39746.025,165.7,8.64,8.675,8.54,8.75,7.44,549262,185.16,306.064,Thriller,56,PG,430,YES
65000,22.0016,59.92,0.512,36457.465,169.1,8.48,8.665,8.545,8.62,8.44,493498,147,285.2,Drama,60,PG,451,YES
52800,21.6616,59.92,0.512,31130.22,163.3,8.47,8.58,8.425,8.545,8.44,440780,198.56,204.224,Drama,27,PG,467,YES
59200,21.2094,59.92,0.512,34179.915,142.3,8.285,8.475,8.25,8.43,7.44,463628,163.84,224.736,Drama,45,PG,466,YES
100000,21.1204,59.92,0.512,43501.205,127.1,8.275,8.405,8.245,8.675,8.44,511949,120,268,Drama,35,PG,458,YES
64000,21.575,61.88,0.563,37674.01,114.6,8.095,8.15,8.065,8.115,7.96,480787,156.8,265.12,Thriller,23,PG,423,YES
59600,22.5158,61.88,0.563,36418.58,102.6,7.69,7.86,7.66,7.655,8.96,537380,151.92,204.768,Thriller,40,PG,460,YES
69800,21.674,61.88,0.563,39912.675,112.4,7.585,7.785,7.66,7.835,8.96,520707,185.96,285.584,Thriller,20,PG,464,NO
66000,21.8136,61.88,0.563,38612.805,95,6.73,6.82,6.645,6.845,8.96,512163,123.2,225.28,Comedy,55,PG,510,NO
61000,21.3822,61.88,0.563,37435.145,104.3,6.645,6.79,6.63,6.975,7.96,507193,176.2,224.88,Comedy,40,PG,384,NO
72800,21.7328,61.88,0.563,39873.79,99.8,6.62,6.83,6.7,6.895,7.96,515199,210.56,225.824,Drama,40,PG,448,YES
62200,20.4374,60.86,0.599,37774,83.4,6.77,6.935,6.775,7.08,7.88,503965,136.44,264.976,Thriller,24,PG,412,NO
58200,20.2878,60.86,0.599,36685.22,92.3,6.745,6.985,6.77,7.06,8.88,525053,185.64,284.656,Thriller,59,PG,489,NO
100000,20.2762,55.92,0.578,43745.625,105.5,7.095,7.235,7.12,7.25,9.12,546519,164,288,Thriller,26,PG,430,YES
66600,20.8022,58.04,0.596,40479.285,107.6,6.21,6.4,6.245,6.525,8.48,549247,145.32,305.328,Action,20,PG,367,YES
60600,20.9332,58.04,0.596,39479.385,110.1,6.18,6.49,6.3,6.41,8.48,511537,138.12,284.848,Action,24,PG,401,YES
69200,20.7536,58.04,0.596,40407.07,111.8,6.235,6.39,6.27,6.485,8.48,519868,203.84,285.536,Drama,43,PG,412,NO
69800,20.63,57.94,0.597,38746.125,88.8,6.015,6.24,6.11,6.33,8.6,536549,159.96,265.584,Comedy,24,PG,413,YES
65800,20.3556,57.94,0.597,39634.925,87.4,6.105,6.185,6.015,6.39,7.6,535003,119.16,205.264,Drama,22,PG,465,NO
48200,20.689,59.06,0.585,34229.91,111.9,6.8,6.965,6.8,6.89,8.06,501886,155.64,243.856,Thriller,32,PG,415,YES
84600,20.4354,59.06,0.585,42273.55,89.2,6.825,6.955,6.735,6.95,9.06,554735,210.92,286.768,Action,30,PG,459,NO
97000,20.702,60.36,0.5839,43623.415,106.7,7.315,7.485,7.35,7.615,9.06,546954,175.4,227.76,Comedy,22,PG,410,NO
100000,20.4018,60.36,0.5839,44628.87,105.4,7.295,7.6,7.36,7.505,8.06,517393,178,308,Thriller,51,PG,442,YES
45200,22.7284,76.18,0.511,32724.505,95.8,7.88,8.19,7.945,8.09,8.28,456271,159.04,303.616,Thriller,26,PG,563,YES
48800,24.5938,76.18,0.511,35140.93,126,7.685,7.88,7.765,7.955,7.28,444948,133.76,223.904,Thriller,52,PG,511,YES
45000,25.0398,76.18,0.511,32124.565,146.2,7.68,7.875,7.7,8.04,8.28,378970,159,203.6,Comedy,38,PG,519,YES
48800,22.7174,76.18,0.511,33685.52,132.6,7.85,8.005,7.725,7.94,7.28,418851,137.76,283.904,Comedy,31,PG,447,YES
40000,28.7142,76.18,0.511,29685.92,173.5,8.025,8.07,7.93,8.225,7.28,367698,158,263.2,Comedy,60,PG,562,NO
43400,23.4892,76.18,0.511,33107.8,165.6,8.045,8.185,8.02,8,8.28,402133,160.68,243.472,Comedy,36,PG,446,YES
38600,27.5156,76.18,0.511,30019.22,162.1,8.005,8.295,8.1,8.27,7.28,347413,119.72,283.088,Thriller,39,PG,489,NO
44800,24.3438,76.18,0.511,32257.885,127.3,8.17,8.21,8.1,8.215,8.28,414813,136.96,263.584,Thriller,20,PG,527,YES
56200,22.8104,76.18,0.511,35413.125,105.8,7.945,8.04,7.91,8.215,7.28,504226,151.24,204.496,Comedy,3,PG,441,YES
47400,25.791,76.18,0.511,30063.66,83.3,8.16,8.26,8.165,8.235,8.28,298989,113.48,223.792,Comedy,21,PG,562,YES
50000,23.9604,76.18,0.511,34341.01,115.9,7.925,8.095,8.02,8.065,7.28,456943,,244,Drama,30,PG,480,YES
46600,20.912,82.78,0.45,32707.84,129.5,8.28,8.515,8.285,8.695,8.72,429010,109.32,243.728,Action,22,PG,617,YES
57400,21.4026,82.78,0.45,36896.31,158.6,8.24,8.405,8.155,8.36,7.72,461695,185.48,284.592,Comedy,23,PG,487,NO
43000,22.2138,82.78,0.45,33057.805,167.3,8.54,8.56,8.46,8.66,7.72,411880,174.6,283.44,Comedy,49,PG,481,YES
46000,22.285,82.78,0.45,35402.015,165.9,8.175,8.375,8.315,8.405,8.72,451935,123.2,263.68,Comedy,21,PG,561,YES
53400,27.1618,67.4,0.493,38612.805,162,8.485,8.64,8.485,8.67,8.52,480270,174.68,224.272,Thriller,23,PG,536,NO
43400,28.1542,67.4,0.493,34241.02,164.8,8.345,8.48,8.42,8.66,8.52,369907,114.68,283.472,Comedy,37,PG,574,YES
55000,32.4712,67.4,0.493,38212.845,151.2,8.295,8.395,8.31,8.455,7.52,470809,189,244.4,Action,50,PG,469,YES
60200,32.294,67.4,0.493,36762.99,154.3,8.25,8.4,8.23,8.58,7.52,489836,194.04,244.816,Thriller,39,PG,491,YES
89600,26.3066,67.4,0.496,45917.63,151.8,8.52,8.635,8.435,8.62,8.52,549160,135.92,247.168,Drama,47,PG,570,YES
100000,30.5386,67.4,0.496,48467.375,156.5,8.435,8.695,8.525,8.56,7.52,521198,150,268,Thriller,20,PG,570,YES
75200,27.6428,67.4,0.496,44662.2,160,8.255,8.52,8.345,8.45,7.52,560909,119.04,206.016,Action,54,PG,532,YES
63200,28.2476,67.4,0.496,39790.465,153.4,8.345,8.44,8.36,8.42,7.52,506523,126.64,205.056,Thriller,34,PG,541,NO
93400,25.9638,67.4,0.496,42695.73,90.5,8.225,8.35,8.195,8.475,8.52,547397,202.68,287.472,Drama,43,PG,550,YES
63000,28.8356,67.4,0.496,36396.36,94.9,8.22,8.36,8.29,8.385,8.52,561219,146.6,305.04,Comedy,47,PG,444,YES
48600,30.74,67.4,0.496,33224.455,141.6,8.015,8.31,8.06,8.265,8.52,480986,165.72,203.888,Comedy,59,PG,467,NO
63400,29.2592,67.4,0.496,41173.66,150.4,8.06,8.33,8.065,8.2,7.52,540602,134.68,205.072,Comedy,26,PG,540,YES
83400,31.5058,67.4,0.493,46312.035,146.8,7.97,8.09,8.05,8.21,7.52,545730,132.68,226.672,Thriller,28,PG,574,YES
96600,26.6294,67.4,0.493,45812.085,143.9,8.09,8.255,8.13,8.225,7.52,529841,181.32,227.728,Comedy,23,PG,504,YES
58000,28.9582,67.4,0.493,37362.93,140,8.165,8.31,8.015,8.205,8.52,514773,197.6,264.64,Thriller,32,PG,441,YES
48000,26.609,67.4,0.493,33807.73,135,8.045,8.305,8.095,8.255,8.52,471552,183.6,283.84,Comedy,57,PG,525,YES
50200,30.4116,67.4,0.493,36835.205,150,7.77,8.05,7.9,7.985,7.52,502128,188.04,304.016,Action,36,PG,464,YES
63000,30.2366,67.4,0.493,40873.69,145.1,7.88,8.09,7.835,7.9,7.52,533135,210.6,245.04,Thriller,34,PG,562,YES
47400,21.6488,64.86,0.572,36001.955,92,6.87,6.94,6.775,7.035,8.68,523902,147.48,243.792,Action,48,PG,491,YES
46600,21.8504,64.86,0.572,36696.33,115.7,6.875,6.945,6.795,7.005,7.68,507617,111.32,303.728,Action,51,PG,413,NO
54000,22.2658,64.86,0.572,38312.835,127.8,6.755,6.935,6.8,6.84,8.68,470107,204.8,224.32,Comedy,24,PG,387,YES
40200,22.1224,64.86,0.572,33857.725,138.6,6.785,6.96,6.685,6.9,7.68,462958,166.04,263.216,Comedy,41,PG,397,NO
44400,22.058,64.86,0.572,35318.69,126.4,6.445,6.595,6.405,6.485,8.68,479264,120.88,203.552,Thriller,42,PG,412,YES
47400,22.5514,64.86,0.572,35513.115,81.3,6.47,6.515,6.435,6.505,7.68,537248,147.48,303.792,Thriller,26,PG,481,YES
35200,24.1216,66.72,0.569,31069.115,150,5.925,6.19,5.94,6.035,8.18,458708,125.04,242.816,Comedy,42,PG,412,NO
37000,23.8266,66.72,0.569,31135.775,143.7,5.86,6.085,5.86,6.285,8.18,405929,185.4,202.96,Comedy,59,PG,438,YES
48600,26.7966,66.72,0.569,33929.94,108.4,5.815,6.11,5.81,6.155,8.18,465288,141.72,223.888,Comedy,25,PG,489,YES
41000,23.9314,66.72,0.569,34585.43,152.7,5.915,6.005,5.85,6.12,7.18,484343,196.2,243.28,Thriller,31,PG,466,NO
49000,23.2878,66.72,0.569,35735.315,122.6,5.975,6.13,6.055,6.185,7.18,504043,167.8,303.92,Thriller,43,PG,494,YES
52400,23.8146,66.72,0.569,37318.49,91,5.96,6.2,5.96,6.23,8.18,531248,186.48,224.192,Comedy,39,PG,443,YES
48800,22.806,66.72,0.569,36035.285,86.5,6.25,6.34,6.185,6.43,7.18,522769,123.76,283.904,Thriller,38,PG,389,YES
49600,24.2818,66.72,0.569,35763.09,82.4,6.285,6.41,6.295,6.215,7.18,548870,205.92,243.968,Drama,50,PG,469,NO
59200,21.6442,66.72,0.569,38646.135,80.3,5.41,5.575,5.45,5.755,7.18,534094,179.84,244.736,Action,57,PG,396,NO
85600,27.3788,66.72,0.569,45878.745,81.9,5.485,5.555,5.465,5.68,7.18,518247,217.12,266.848,Thriller,53,PG,509,NO
43800,20.9638,62.28,0.608,33929.94,105.5,5.305,5.495,5.345,5.42,7.72,528690,130.76,243.504,Thriller,56,PG,370,NO
41800,20.7096,62.28,0.608,32641.18,92.6,5.385,5.445,5.26,5.47,7.72,459998,156.36,303.344,Comedy,31,PG,438,NO
88000,20.3076,62.5,0.606,41406.97,107.7,6.67,6.985,6.665,7.01,8.82,524356,133.6,267.04,Thriller,38,PG,422,NO
100000,32.2308,62.94,0.353,48350.72,160.4,8.955,9.235,9.085,9.12,9.4,530690,172,228,Thriller,54,PG,552,YES
72000,33.2702,62.94,0.353,40734.815,173.5,8.9,9.13,8.99,9.195,8.4,477252,160.4,305.76,Thriller,58,PG,601,YES
60200,33.133,62.94,0.353,38007.31,173.5,8.9,9.09,8.84,9.145,8.4,483741,146.04,224.816,Thriller,40,PG,599,YES
67600,30.8022,62.94,0.353,40012.665,155.3,8.94,9.025,8.815,8.995,9.4,483080,,225.408,Drama,21,PG,681,YES
86200,30.6824,62.94,0.353,41773.6,162.9,8.8,9,8.925,9,9.4,526451,133.24,226.896,Action,24,PG,651,YES
97600,30.4028,62.94,0.353,46650.89,165,8.725,8.98,8.805,8.915,8.4,511151,201.52,307.808,Thriller,24,PG,552,YES
62000,36.5052,62.94,0.353,40701.485,168,8.795,8.99,8.895,9.16,8.4,450060,114.4,224.96,Comedy,60,PG,555,YES
73000,31.0014,62.94,0.353,40029.33,165.1,9.02,9.045,8.89,9.185,8.4,503379,170.6,285.84,Thriller,36,PG,588,YES
45600,35.2324,62.94,0.353,30885.8,136.3,8.95,9.015,8.97,9.095,8.4,458883,149.12,263.648,Comedy,59,PG,589,NO
61400,35.714,62.94,0.353,38962.77,158.1,8.89,9.07,8.82,8.955,9.4,440617,122.28,204.912,Thriller,41,PG,578,NO
100000,31.5668,62.94,0.425,46089.835,140.5,8.7,8.935,8.785,8.74,9.4,495431,160,308,Comedy,42,PG,633,YES
87000,30.81,62.94,0.425,41495.85,126.1,8.415,8.69,8.51,8.645,9.4,558567,181.4,306.96,Drama,43,PG,504,NO
41400,21.813,68.92,0.536,32885.6,135,7.89,8.185,8.015,8.075,8.28,442828,208.28,283.312,Action,29,PG,524,NO
42200,25.9832,68.92,0.536,32530.08,115.6,7.67,7.895,7.745,7.83,7.28,448615,124.44,303.376,Comedy,27,PG,466,YES
50400,23.2422,68.92,0.536,34663.2,89.8,7.72,7.815,7.655,7.95,7.28,527157,132.08,204.032,Thriller,25,PG,434,NO
48800,22.292,68.92,0.536,36318.59,132.2,7.995,8.185,7.94,8.045,7.28,502420,169.76,263.904,Thriller,40,PG,440,YES
70400,24.4376,68.92,0.536,42723.505,125.3,7.735,7.95,7.76,7.82,8.28,522502,120.08,205.632,Thriller,39,PG,425,YES
64800,21.1288,67.82,0.553,37540.69,106.4,7.9,8.01,7.81,8.12,8.48,510207,212.96,245.184,Thriller,30,PG,426,NO
64000,21.9208,67.82,0.553,38073.97,116.3,7.86,7.95,7.73,7.925,8.48,532339,176.8,245.12,Thriller,23,PG,385,YES
66400,22.0938,67.82,0.553,40368.185,122.5,7.53,7.66,7.515,7.72,7.48,490028,171.28,225.312,Drama,35,PG,424,NO
66200,21.2254,67.82,0.553,37918.43,101.1,7.43,7.58,7.54,7.725,7.48,516911,125.24,225.296,Thriller,21,PG,417,NO
58200,21.5956,67.82,0.553,36007.51,105.6,7.89,7.96,7.8,8.075,8.48,504442,125.64,204.656,Thriller,38,PG,478,YES
70200,24.2076,61.66,0.5571,37840.66,105.7,7.825,8.04,7.89,8.045,9.02,504458,192.04,245.616,Drama,26,PG,513,NO
90800,20.7156,61.66,0.5571,43440.1,138,7.51,7.665,7.58,7.855,9.02,538611,142.16,207.264,Comedy,50,PG,420,NO
70800,20.741,61.66,0.5571,38707.24,110.7,7.225,7.54,7.215,7.53,9.02,546620,170.16,285.664,Comedy,48,PG,422,YES
92000,21.2258,61.66,0.5571,42467.975,123.2,7.27,7.53,7.285,7.495,8.02,524593,174.4,247.36,Drama,25,PG,512,YES
100000,20.3002,57.42,0.599,44012.265,98.3,6.925,7.08,7.015,7.21,9.28,564706,174,268,Drama,20,PG,489,YES
64400,20.1812,60.94,0.6,39373.84,94.3,6.28,6.5,6.18,6.425,7.94,489220,156.88,245.152,Action,30,PG,424,YES
44000,20.2192,59.5,0.611,35846.415,105.4,6.335,6.445,6.26,6.345,7.94,511643,208.8,283.52,Comedy,55,PG,347,YES
40200,20.393,58.52,0.615,34607.65,105,5.395,5.54,5.295,5.595,8.36,449001,166.04,203.216,Comedy,39,PG,333,YES
46400,20.7742,65.64,0.595,34490.995,104.8,6.275,6.4,6.21,6.475,7.68,514434,199.28,283.712,Drama,60,PG,433,YES
44600,20.918,65.64,0.595,35079.825,119.1,6.185,6.48,6.27,6.43,7.68,498744,116.92,243.568,Thriller,22,PG,349,NO
49600,20.8594,65.64,0.595,36468.575,96.4,6.335,6.505,6.275,6.25,8.68,459056,181.92,283.968,Comedy,60,PG,411,NO
57000,20.7004,64.9,0.589,38112.855,101.4,7.39,7.59,7.42,7.365,7.16,566644,161.4,224.56,Thriller,53,PG,397,YES
74600,21.5772,64.9,0.589,39707.14,101.2,7.44,7.515,7.295,7.515,8.16,542840,162.92,205.968,Comedy,37,PG,475,YES
55800,20.723,64.9,0.589,36829.65,96.9,7.375,7.48,7.315,7.595,8.16,529498,169.16,244.464,Thriller,37,PG,390,NO
47800,21.653,82.84,0.563,34035.485,91.9,7.12,7.305,7.165,7.4,7.8,486691,145.56,283.824,Thriller,46,PG,485,YES
43400,21.6398,82.84,0.563,33379.995,115.8,7.23,7.265,7.22,7.28,7.8,481269,176.68,223.472,Drama,23,PG,386,NO
57200,22.5864,82.84,0.563,37096.29,104.6,6.9,7.135,6.965,7.08,8.8,534560,139.44,204.576,Thriller,44,PG,421,YES
54200,21.0744,82.84,0.563,36379.695,124.5,6.89,7.125,6.865,7.195,7.8,479856,208.84,204.336,Comedy,26,PG,454,NO
40600,22.8206,82.84,0.563,32163.45,131.5,6.72,6.85,6.825,6.965,7.8,405787,152.12,223.248,Comedy,42,PG,521,YES
45000,21.2932,59.48,0.6,35246.475,93.6,6,6.165,5.985,6.195,9.04,517172,189,263.6,Drama,48,PG,369,NO
58000,21.1122,59.48,0.6,39112.755,83.5,6.08,6.095,5.945,6.22,8.04,524749,159.6,224.64,Drama,36,PG,414,YES
49600,20.8834,59.48,0.6,38168.405,120.9,5.955,6.16,6.055,6.175,9.04,503113,181.92,223.968,Thriller,29,PG,429,YES
44000,20.7074,67.18,0.567,36607.45,113.9,7.185,7.4,7.25,7.175,8.78,456975,198.8,243.52,Thriller,21,PG,372,YES
52800,21.8532,67.18,0.567,36079.725,91.9,7.1,7.4,7.16,7.36,8.78,495797,158.56,224.224,Action,42,PG,373,YES
66200,22,67.18,0.567,38785.01,91.2,7.095,7.32,7.245,7.355,8.78,546989,165.24,285.296,Comedy,34,PG,511,NO
72200,21.103,59.36,0.528,40195.98,114.6,7.95,8.02,7.955,8.03,7.32,525924,138.44,205.776,Thriller,55,PG,524,NO
56800,21.0958,59.36,0.528,36751.88,131.6,8.185,8.475,8.175,8.425,7.32,462490,131.36,304.544,Comedy,22,PG,454,NO
66800,21.5006,59.36,0.528,41218.1,145.4,8.345,8.54,8.36,8.555,7.32,497990,213.36,245.344,Thriller,23,PG,506,YES
56400,20.9864,59.36,0.528,38046.195,143.8,8.36,8.555,8.345,8.375,8.32,490857,209.28,244.512,Action,46,PG,470,YES
45600,29.8596,74.8,0.456,36857.425,156,8.215,8.38,8.295,8.475,7.32,539571,143.12,223.648,Thriller,31,PG,581,NO
40600,26.988,74.8,0.456,33174.46,150.2,8.3,8.545,8.36,8.59,8.32,491345,202.12,223.248,Comedy,51,PG,568,YES
32200,72.7096,74.8,0.456,27625.015,111.3,8.685,8.86,8.685,8.735,7.32,447032,146.44,222.576,Thriller,27,PG,562,NO
44200,35.8082,74.8,0.456,34007.71,126.3,8.555,8.83,8.615,8.725,7.32,501252,164.84,303.536,Thriller,46,PG,558,YES
38800,25.2338,74.8,0.456,33457.765,163.9,8.5,8.665,8.425,8.745,7.32,475124,125.76,263.104,Comedy,26,PG,535,YES
43200,25.3876,74.8,0.456,34807.63,156.3,8.31,8.51,8.295,8.36,8.32,474736,176.64,283.456,Comedy,33,PG,543,YES
47600,27.384,74.8,0.456,36479.685,160.8,8.04,8.345,8.1,8.305,7.32,483058,191.52,263.808,Drama,56,PG,544,YES
32400,25.0712,74.8,0.456,31691.275,151.2,7.99,8.1,7.945,8.075,7.32,482381,134.48,242.592,Thriller,58,PG,559,NO
35600,26.3654,74.8,0.456,32852.27,156.7,7.9,8.09,7.96,8.055,7.32,387823,145.12,242.848,Thriller,43,PG,520,NO
39600,24.9044,74.8,0.456,32119.01,145.2,7.935,8.03,7.83,8.135,8.32,401740,195.92,243.168,Thriller,50,PG,471,NO
46200,28.0404,74.8,0.456,35452.01,140.7,8.1,8.325,8.21,8.3,8.32,478332,111.24,203.696,Comedy,53,PG,515,NO
42000,29.5094,74.8,0.456,33957.715,132.3,7.965,8.07,7.88,8.08,7.32,471282,206.4,243.36,Action,36,PG,542,NO
47600,23.352,69.76,0.507,35696.43,125.8,7.63,7.84,7.615,7.83,8.08,510893,135.52,263.808,Thriller,48,PG,554,YES
46200,23.6318,69.76,0.507,35418.68,127.8,7.575,7.81,7.595,7.94,8.08,484440,155.24,283.696,Drama,40,PG,470,YES
40800,27.0228,69.76,0.507,33557.755,123.4,7.535,7.785,7.565,7.67,8.08,491464,178.16,263.264,Comedy,40,PG,457,NO
37000,25.6784,69.76,0.507,31707.94,147.8,7.545,7.7,7.55,7.765,8.08,446743,131.4,302.96,Comedy,25,PG,501,YES
50000,26.8218,69.76,0.507,35635.325,113.6,7.5,7.75,7.49,7.82,7.08,528887,172,304,Thriller,52,PG,474,NO
49200,23.8372,69.76,0.507,35724.205,88.2,7.245,7.45,7.215,7.255,8.08,533713,159.84,303.936,Comedy,45,PG,454,NO
46000,26.0694,69.76,0.507,35063.16,102.4,7.265,7.455,7.145,7.3,7.08,509852,141.2,243.68,Thriller,36,PG,485,YES
44400,24.8206,69.76,0.507,33791.065,117.2,7.205,7.31,7.26,7.395,8.08,448684,180.88,303.552,Comedy,27,PG,509,NO
38600,21.3234,61.48,0.54,32596.74,99.3,7.29,7.47,7.265,7.54,8.62,483140,199.72,203.088,Drama,35,PG,395,YES
45200,21.3448,61.48,0.54,35179.815,90.7,7.32,7.46,7.275,7.515,8.62,483051,111.04,283.616,Comedy,53,PG,452,NO
39600,20.9088,61.48,0.54,34129.92,105.7,6.99,7.225,7.05,6.985,7.62,465165,187.92,223.168,Thriller,26,PG,431,NO
34200,21.0046,67.12,0.5621,31696.83,101.9,6.665,6.72,6.67,6.665,8.62,450203,134.84,282.736,Drama,21,PG,522,NO
38800,20.6932,67.12,0.5621,33502.205,96.8,6.525,6.71,6.6,6.885,8.62,480695,149.76,283.104,Comedy,22,PG,518,YES
44400,21.0166,65.38,0.485,35085.38,111.6,6.62,6.9,6.735,6.83,7.96,536791,182.88,223.552,Comedy,34,PG,499,NO
41400,20.7476,65.38,0.485,35052.05,112,6.74,6.83,6.655,6.855,6.96,505077,150.28,303.312,Action,53,PG,555,YES
42200,20.7922,65.38,0.485,33535.535,108,6.87,7.15,6.865,7.145,6.96,477685,178.44,283.376,Comedy,57,PG,506,YES
39000,20.6854,65.38,0.485,32602.295,119.8,7.25,7.545,7.25,7.495,6.96,483878,201.8,303.12,Thriller,53,PG,447,NO
37000,20.6082,65.38,0.485,32746.725,133.1,7.07,7.255,7.16,7.285,7.96,452920,165.4,242.96,Thriller,21,PG,567,YES
41200,20.6612,65.38,0.485,33657.745,110.8,7.545,7.74,7.465,7.625,7.96,466294,162.24,283.296,Thriller,26,PG,535,YES
38000,21.0994,65.38,0.485,33246.675,118.9,7.555,7.68,7.475,7.665,6.96,457316,127.6,223.04,Drama,28,PG,477,NO
37400,21.2302,65.38,0.485,33152.24,132,7.47,7.62,7.515,7.77,7.96,459687,129.48,262.992,Comedy,20,PG,534,YES
65400,20.2602,58.04,0.558,40223.755,122.8,6.34,6.52,6.41,6.655,8.9,516919,125.08,265.232,Comedy,48,PG,525,YES
33000,20.4996,58.78,0.482,36329.7,133.2,6.77,6.895,6.705,7.095,7.82,494604,146.6,222.64,Thriller,40,PG,566,YES
47800,20.5086,62.56,0.516,37196.28,129.9,6.985,7.19,7.08,7.28,7.48,480187,179.56,303.824,Action,52,PG,479,YES
62400,20.6098,62.56,0.516,38185.07,101.6,6.645,6.91,6.665,6.85,8.48,534902,212.48,224.992,Thriller,23,PG,464,NO
35000,20.6226,63.78,0.558,33407.77,122,5.88,6.045,5.885,6.165,7.24,494404,143,262.8,Drama,26,PG,507,YES
34400,21.2324,63.78,0.558,32763.39,125.8,5.965,6.075,5.835,6.095,7.24,459385,120.88,262.752,Thriller,46,PG,441,NO
46200,20.374,63.3,0.571,36196.38,101.2,5.565,5.855,5.71,5.795,8.42,485496,163.24,243.696,Drama,47,PG,385,YES
49000,20.3002,59.02,0.565,36857.425,103.2,5.69,5.91,5.73,5.985,8.6,507911,125.8,263.92,Comedy,45,PG,490,YES
53200,20.5798,57.5,0.571,38546.145,108,5.56,5.73,5.515,5.605,8.06,495540,112.64,224.256,Comedy,30,PG,393,YES
45800,21.2422,57.5,0.571,36051.95,117.9,5.5,5.685,5.445,5.785,8.06,530639,145.16,303.664,Thriller,55,PG,389,NO
48200,21.59,58.38,0.589,36546.345,109.4,4.51,4.785,4.575,4.705,7.34,528366,111.64,203.856,Thriller,45,PG,363,YES
37200,21.4488,58.38,0.589,32685.62,92,4.585,4.725,4.515,4.75,8.34,500120,147.44,222.976,Thriller,50,PG,397,YES
60200,20.3418,59.04,0.59,37374.04,109.6,3.84,4.035,3.84,4.03,8.6,502830,122.04,244.816,Drama,40,PG,474,YES
36400,20.8602,58.82,0.587,31457.965,95.4,4.62,4.815,4.62,4.775,7.6,484954,175.28,242.912,Comedy,34,PG,470,NO
41200,22.1318,58.82,0.587,32974.48,93,4.59,4.75,4.69,4.8,6.6,503151,186.24,263.296,Thriller,53,PG,444,NO
35600,199.6592,91.2,0.23,34507.66,170.9,8.92,9.095,8.785,8.955,6.96,399154,119.12,282.848,Comedy,39,PG,773,NO
43400,96.994,91.2,0.23,35524.225,164.5,8.585,8.775,8.69,8.94,7.96,465805,140.68,263.472,Drama,56,PG,756,NO
45400,124.0354,91.2,0.23,34035.485,156.9,8.52,8.8,8.55,8.685,6.96,473168,127.08,303.632,Action,42,PG,767,NO
45200,105.2262,91.2,0.23,33952.16,154.8,8.61,8.81,8.72,8.845,6.96,437945,,283.616,Drama,26,PG,743,NO
50000,110.8384,91.2,0.23,35540.89,161.5,8.635,8.79,8.655,8.885,6.96,486963,176,204,Comedy,37,PG,673,NO
39800,96.7368,91.2,0.23,34724.305,164.6,8.71,9.01,8.85,8.84,6.96,456314,177.96,263.184,Thriller,56,PG,733,YES
41600,93.5644,91.2,0.23,29785.91,169.7,8.865,9.1,8.895,8.93,6.96,450482,160.32,283.328,Drama,52,PG,700,NO
33600,104.4478,91.2,0.23,32235.665,162.5,9.01,9.15,9.015,9.015,7.96,439085,194.72,302.688,Action,57,PG,803,YES
43800,89.4856,91.2,0.282,48772.9,156.4,9.015,9.145,9.04,8.99,6.96,493047,160.76,243.504,Thriller,26,PG,622,NO
55000,111.1174,91.2,0.282,19781.355,161.4,9.185,9.225,9.16,9.205,6.96,527849,161,244.4,Thriller,51,PG,680,YES
43800,93.939,91.2,0.282,27569.465,164.9,8.96,9.225,9.07,9.245,7.96,417956,204.76,283.504,Drama,58,PG,757,NO
46200,290.444,91.2,0.369,21458.965,173.5,9.235,9.305,9.23,9.215,7.96,466467,199.24,223.696,Drama,24,PG,559,NO
100000,117.9644,91.2,0.369,27608.35,173.5,9.265,9.445,9.24,9.385,7.96,549584,194,268,Thriller,41,PG,624,NO
100000,133.3996,91.2,0.369,37124.065,170.3,9.225,9.36,9.175,9.53,7.96,513408,134,308,Thriller,58,PG,675,YES
100000,150.7752,91.2,0.369,38973.88,171,9.3,9.54,9.4,9.36,6.96,523799,202,248,Comedy,46,PG,593,YES
100000,204.646,91.2,0.369,34529.88,173.5,9.31,9.525,9.32,9.505,7.96,454281,196,268,Comedy,25,PG,609,YES
100000,185.345,91.2,0.332,32635.625,163.1,9.435,9.495,9.375,9.44,6.96,464886,216,248,Comedy,57,PG,645,YES
27600,242.162,91.2,0.332,27252.83,173.5,9.26,9.505,9.36,9.525,7.96,237541,137.52,262.208,Comedy,56,PG,611,YES
27600,389.964,91.2,0.332,22986.59,173.5,9.27,9.48,9.425,9.55,6.96,215432,141.52,262.208,Drama,35,PG,712,NO
30000,412.182,91.2,0.329,40623.715,171.4,9.19,9.345,9.195,9.635,7.96,440970,178,302.4,Comedy,45,PG,625,NO
27800,325.76,91.2,0.329,36935.195,166.8,9.175,9.445,9.315,9.375,7.96,362344,189.56,302.224,Comedy,26,PG,705,YES
26600,216.4698,91.2,0.329,37740.67,172.3,9.215,9.465,9.24,9.365,7.96,349344,121.32,282.128,Comedy,22,PG,691,YES
26200,492.964,91.2,0.329,35440.9,169.7,9.24,9.39,9.235,9.365,6.96,359760,185.24,282.096,Drama,54,PG,632,YES
20400,377.334,91.2,0.329,34568.765,173.5,9.26,9.435,9.26,9.27,7.96,353650,158.08,221.632,Action,46,PG,581,NO
20800,1799.524,91.2,0.329,38707.24,165.4,9.17,9.43,9.155,9.41,6.96,417588,188.16,281.664,Comedy,21,PG,666,YES
21800,337.488,91.2,0.329,36357.475,172.6,9.11,9.35,9.18,9.325,6.96,382857,172.36,201.744,Action,60,PG,582,NO
22600,203.7404,91.2,0.3,30752.48,173.5,9.05,9.225,9.14,9.43,7.96,362581,164.52,221.808,Thriller,46,PG,607,YES
24600,179.8496,91.2,0.3,30663.6,173.5,9.145,9.335,9.14,9.31,7.96,339764,134.92,301.968,Drama,41,PG,702,NO
17600,421.698,91.2,0.3,24264.24,164.7,9.25,9.33,9.26,9.28,7.96,269764,113.52,281.408,Thriller,25,PG,626,NO
14400,356.236,91.2,0.3,29313.735,171.6,9.27,9.385,9.19,9.3,6.96,267965,202.88,261.152,Action,36,PG,600,NO
21000,507.876,91.2,0.3,25841.86,173.5,9.145,9.32,9.14,9.46,7.96,291349,154.2,301.68,Thriller,34,PG,597,YES
14800,471.942,91.2,0.3,27775,163,9.105,9.26,9.115,9.48,7.96,276179,166.96,301.184,Action,54,PG,617,NO
20400,306.674,91.2,0.3,27108.4,173.5,9.115,9.315,9.175,9.215,6.96,278464,122.08,201.632,Drama,25,PG,711,NO
23000,183.0348,91.2,0.3,29941.45,172.4,9,9.25,9.025,9.265,7.96,369811,120.6,241.84,Action,51,PG,616,NO
30200,159.243,91.2,0.3,31735.715,170.5,8.9,9.145,8.885,9.22,6.96,416162,194.04,222.416,Thriller,20,PG,711,YES
46400,125.861,91.2,0.3,33613.305,156,8.915,9.045,8.76,8.94,7.96,412194,193.28,203.712,Thriller,53,PG,619,YES
19400,251.558,91.2,0.3,27974.98,170.5,9.01,9.125,9.035,9.29,6.96,317358,109.88,281.552,Comedy,51,PG,686,NO
27600,192.8952,91.2,0.307,34402.115,166.1,9.055,9.17,8.955,9.235,7.96,437541,181.52,282.208,Thriller,55,PG,628,NO
25400,287.196,91.2,0.307,32702.285,168.2,9.005,9.23,8.97,9.23,7.96,420044,135.08,302.032,Comedy,40,PG,654,NO
26200,194.335,91.2,0.307,35946.405,172.3,8.98,9.26,9.085,9.225,7.96,424127,115.24,302.096,Action,29,PG,712,NO
25000,137.441,91.2,0.307,35579.775,169.5,9.115,9.18,9.1,9.255,6.96,390048,109,222,Thriller,24,PG,685,YES
17000,173.4404,91.2,0.307,31924.585,172.4,9.135,9.23,9.125,9.24,6.96,384688,185.4,281.36,Comedy,22,PG,663,NO
10000,787.036,91.2,0.307,30291.415,173.5,9.215,9.37,9.105,9.33,6.96,291101,186,260.8,Drama,26,PG,653,NO
12600,218.331,91.2,0.307,32507.86,151.3,9.15,9.38,9.14,9.33,6.96,270691,134.52,281.008,Thriller,42,PG,613,NO
